Snpnum,Name,Numcheck,chrm,pos
16079,ARS-BFGL-NGS-5648,16079,9,21780613
55340,Hapmap54283-ss46526290,55340,10,13194173
35542,BTB-00274746,35542,6,101134254
48300,Hapmap36526-SCAFFOLD150535_3651,48300,7,39497085
11544,ARS-BFGL-NGS-33634,11544,26,36808909
4028,ARS-BFGL-NGS-106832,4028,4,116840328
19397,ARS-BFGL-NGS-77091,19397,15,77360934
51263,Hapmap43894-BTA-60813,51263,26,20813204
36319,BTB-00404802,36319,9,89847787
48899,Hapmap39189-BTA-100013,48899,1,155126707
39108,BTB-01112976,39108,2,19965497
55767,Hapmap55517-rs29019665,55767,2,114090327
55765,Hapmap55514-rs29015079,55765,17,55221058
348,ARS-BFGL-BAC-15633,348,12,32508762
19402,ARS-BFGL-NGS-77115,19402,22,37203531
19400,ARS-BFGL-NGS-7710,19400,23,40631438
43876,BTB-02030954,43876,16,55752131
22003,ARS-BFGL-NGS-94895,22003,6,108225240
6790,ARS-BFGL-NGS-17376,6790,6,88822266
10960,ARS-BFGL-NGS-31607,10960,22,32990568
31918,BTA-66824-no-rs,31918,3,19193451
55584,Hapmap54968-rs29014852,55584,5,81554485
21103,ARS-BFGL-NGS-88377,21103,15,79227512
43988,BTB-02056717,43988,8,35544964
32017,BTA-68613-no-rs,32017,3,88652002
56075,Hapmap57528-rs29013765,56075,7,23403749
11768,ARS-BFGL-NGS-34371,11768,2,89478521
43505,BTB-01947189,43505,20,11803942
16388,ARS-BFGL-NGS-58336,16388,8,37909744
46000,Hapmap27537-BTC-060891,46000,6,39257620
9529,ARS-BFGL-NGS-26768,9529,7,32923268
49764,Hapmap41022-BTA-55560,49764,23,15147471
9521,ARS-BFGL-NGS-26726,9521,9,60157171
46792,Hapmap31201-BTA-162197,46792,21,16172731
49568,Hapmap40553-BTA-52668,49568,21,6241052
42631,BTB-01756713,42631,11,59421902
4816,ARS-BFGL-NGS-109438,4816,16,61759526
2041,ARS-BFGL-NGS-101356,2041,11,70537728
45680,Hapmap26721-BTA-152115,45680,11,52539308
45686,Hapmap26728-BTA-153579,45686,17,31230548
21290,ARS-BFGL-NGS-89740,21290,16,6168426
46646,Hapmap30781-BTA-129235,46646,14,53174026
45444,Hapmap26123-BTA-133877,45444,2,34572812
6376,ARS-BFGL-NGS-16051,6376,17,23590187
6377,ARS-BFGL-NGS-16052,6377,12,77725016
10412,ARS-BFGL-NGS-29759,10412,9,7645969
11948,ARS-BFGL-NGS-34990,11948,8,11337522
10148,ARS-BFGL-NGS-28838,10148,8,46020875
22874,ARS-USMARC-Parent-EF034080-rs29024749,22874,29,28647816
22875,ARS-USMARC-Parent-EF034081-rs29009668,22875,13,25606469
22876,ARS-USMARC-Parent-EF034082-rs29013532,22876,22,56526462
22877,ARS-USMARC-Parent-EF034083-rs29018286,22877,25,3126438
58079,UA-IFASA-8173,58079,14,43353000
22871,ARS-USMARC-Parent-EF026086-rs29013660,22871,28,35331560
22872,ARS-USMARC-Parent-EF026087-rs29011643,22872,13,1982209
10380,ARS-BFGL-NGS-29653,10380,1,2049400
27999,BTA-104208-no-rs,27999,8,48111618
22878,ARS-USMARC-Parent-EF034084-rs29016185,22878,27,21480570
22879,ARS-USMARC-Parent-EF034085-rs29025677,22879,28,5913226
46867,Hapmap31474-BTA-152740,46867,4,112164314
54956,Hapmap53066-rs29026782,54956,1,152345820
54957,Hapmap53068-rs29026861,54957,6,2940803
44646,Hapmap23591-BTA-142567,44646,4,105557665
44641,Hapmap23570-BTC-029699,44641,25,30231817
37837,BTB-00776345,37837,12,47985472
54422,Hapmap51569-BTA-17751,54422,4,114193481
36023,BTB-00362368,36023,8,83300867
42122,BTB-01656080,42122,13,51621880
33212,BTA-88608-no-rs,33212,11,24317047
3441,ARS-BFGL-NGS-10494,3441,6,18961422
54776,Hapmap52431-ss46526792,54776,13,533391
14684,ARS-BFGL-NGS-44416,14684,2,46498119
48780,Hapmap38900-BTA-52167,48780,21,35729224
49944,Hapmap41377-BTA-88086,49944,11,55496607
10161,ARS-BFGL-NGS-28887,10161,11,8763389
30293,BTA-32982-no-rs,30293,13,56402912
3205,ARS-BFGL-NGS-104342,3205,3,113306427
30412,BTA-35941-no-rs,30412,14,2276443
21438,ARS-BFGL-NGS-90717,21438,12,16756600
48092,Hapmap35524-SCAFFOLD5373_40104,48092,13,19987212
22811,ARS-USMARC-Parent-DQ468384-rs29003967,22811,5,113137320
36153,BTB-00384802,36153,9,34050782
22816,ARS-USMARC-Parent-DQ647186-rs29014143,22816,4,17200594
2860,ARS-BFGL-NGS-103449,2860,18,10351779
30329,BTA-33604-no-rs,30329,1,66668755
44330,Hapmap13023-BTA-95276,44330,1,106407844
44337,Hapmap15326-rs29013300,44337,11,39708839
40367,BTB-01322840,40367,3,60502347
30634,BTA-39826-no-rs,30634,16,68811897
20656,ARS-BFGL-NGS-85289,20656,14,8659069
58322,UA-IFASA-9704,58322,29,35264875
58328,UA-IFASA-9731,58328,19,6523398
33699,BTA-96598-no-rs,33699,2,75885774
37173,BTB-00581295,37173,15,12928912
3343,ARS-BFGL-NGS-104692,3343,1,84321230
7072,ARS-BFGL-NGS-18228,7072,9,85975684
37773,BTB-00755336,37773,19,47471569
1755,ARS-BFGL-NGS-10056,1755,26,5315170
1753,ARS-BFGL-NGS-100558,1753,21,32648822
18638,ARS-BFGL-NGS-72134,18638,4,106253833
15916,ARS-BFGL-NGS-55539,15916,10,58488593
8166,ARS-BFGL-NGS-22052,8166,13,61559991
17592,ARS-BFGL-NGS-65432,17592,24,55511322
12498,ARS-BFGL-NGS-36880,12498,16,73736551
40563,BTB-01355483,40563,22,1404150
39597,BTB-01192196,39597,24,5239672
1286,ARS-BFGL-BAC-41568,1286,2,40653110
28365,BTA-110441-no-rs,28365,25,25779530
47503,Hapmap33212-BTA-145669,47503,8,31123907
34370,BTB-00079213,34370,2,8476975
36685,BTB-00467701,36685,11,29912016
34372,BTB-00079257,34372,2,9113368
34379,BTB-00079735,34379,8,86974867
50891,Hapmap43169-BTA-119396,50891,4,14807579
40412,BTB-01332122,40412,1,21264221
34559,BTB-00105321,34559,6,16725243
12873,ARS-BFGL-NGS-38179,12873,7,30370816
47676,Hapmap33691-BTA-89291,47676,20,10295382
55113,Hapmap53580-rs29012667,55113,12,12041734
55117,Hapmap53589-rs29009864,55117,16,28714453
2740,ARS-BFGL-NGS-103142,2740,22,26256400
28184,BTA-107470-no-rs,28184,2,122483795
48950,Hapmap39304-BTA-109342,48950,11,85779114
4386,ARS-BFGL-NGS-107989,4386,25,3857054
1370,ARS-BFGL-BAC-46926,1370,25,406196
8494,ARS-BFGL-NGS-23231,8494,2,100339737
31014,BTA-48254-no-rs,31014,2,82786614
22479,ARS-BFGL-NGS-98210,22479,5,46454015
35209,BTB-00219231,35209,5,8978484
55334,Hapmap54267-rs29023167,55334,16,47850219
22477,ARS-BFGL-NGS-98204,22477,29,18090509
5993,ARS-BFGL-NGS-14740,5993,9,14436985
47032,Hapmap31968-BTC-056754,47032,14,6042525
43268,BTB-01896501,43268,8,22848837
50677,Hapmap42774-BTA-104770,50677,20,15528205
57396,UA-IFASA-1686,57396,9,19649248
50671,Hapmap42766-BTA-102377,50671,15,82827665
51270,Hapmap43906-BTA-66658,51270,3,14273135
35845,BTB-00332985,35845,14,54779831
19419,ARS-BFGL-NGS-77250,19419,10,52814326
7526,ARS-BFGL-NGS-19822,7526,10,22128700
7525,ARS-BFGL-NGS-19813,7525,2,28834748
51073,Hapmap43523-BTA-24093,51073,2,92042146
19140,ARS-BFGL-NGS-7556,19140,19,3710275
32311,BTA-73296-no-rs,32311,5,26526934
51295,Hapmap43946-BTA-80204,51295,7,94974831
16669,ARS-BFGL-NGS-60038,16669,2,132602751
391,ARS-BFGL-BAC-16287,391,12,43551814
51532,Hapmap44400-BTA-72792,51532,5,15696963
16064,ARS-BFGL-NGS-56387,16064,13,24355847
5846,ARS-BFGL-NGS-1430,5846,27,1467500
5843,ARS-BFGL-NGS-14293,5843,5,109229225
15842,ARS-BFGL-NGS-55096,15842,7,24735381
16176,ARS-BFGL-NGS-57156,16176,12,30992759
16069,ARS-BFGL-NGS-56408,16069,29,37749427
56042,Hapmap57401-rs29021597,56042,23,39649309
244,ARS-BFGL-BAC-14364,244,12,67386075
32009,BTA-68574-no-rs,32009,3,85043515
242,ARS-BFGL-BAC-14359,242,12,66175192
32005,BTA-68535-no-rs,32005,3,83306806
46014,Hapmap27590-BTA-139234,46014,27,9808734
51106,Hapmap43603-BTA-51704,51106,21,22435618
43048,BTB-01848865,43048,7,87008149
51100,Hapmap43590-BTA-47282,51100,10,39528344
51769,Hapmap45612-BTA-28859,51769,9,79191994
42860,BTB-01805931,42860,7,107339958
49778,Hapmap41046-BTA-64696,49778,28,10333239
52102,Hapmap47127-BTA-88691,52102,7,47002161
49777,Hapmap41045-BTA-64263,49777,28,39700262
38421,BTB-00950285,38421,8,65609180
56913,Hapmap60266-rs29024423,56913,5,21389684
17537,ARS-BFGL-NGS-65067,17537,1,883895
4829,ARS-BFGL-NGS-109467,4829,13,28331553
13445,ARS-BFGL-NGS-40113,13445,21,27268931
36301,BTB-00403297,36301,9,91346194
3696,ARS-BFGL-NGS-105750,3696,8,86283449
21284,ARS-BFGL-NGS-89711,21284,27,29231663
6366,ARS-BFGL-NGS-16023,6366,9,11390953
53036,Hapmap49050-BTA-119760,53036,3,11129475
10401,ARS-BFGL-NGS-29732,10401,1,19182174
52416,Hapmap47826-BTA-107963,52416,10,15974499
45657,Hapmap26681-BTA-143845,45657,6,21473715
28096,BTA-105963-no-rs,28096,9,12064517
9333,ARS-BFGL-NGS-26034,9333,7,48089488
44781,Hapmap23996-BTA-145153,44781,7,59974127
44784,Hapmap24000-BTA-150203,44784,11,71811673
57116,Hapmap60921-rs29024733,57116,26,28368749
22801,ARS-USMARC-Parent-DQ381153-rs29012842,22801,1,3249057
22800,ARS-USMARC-Parent-DQ381152-rs29002408,22800,17,17616950
22803,ARS-USMARC-Parent-DQ404150-rs29012530,22803,1,59409838
22802,ARS-USMARC-Parent-DQ404149-no-rs,22802,1,99314925
22805,ARS-USMARC-Parent-DQ404152-rs29022245,22805,2,5306838
22804,ARS-USMARC-Parent-DQ404151-rs29019282,22804,1,151349514
22806,ARS-USMARC-Parent-DQ404153-no-rs,22806,29,44756502
22809,ARS-USMARC-Parent-DQ435443-rs29010802,22809,3,58040470
49314,Hapmap40009-BTA-58757,49314,24,61001528
54966,Hapmap53111-rs29024461,54966,27,30025162
13190,ARS-BFGL-NGS-39275,13190,20,70454164
21735,ARS-BFGL-NGS-92824,21735,8,111713971
36832,BTB-00495684,36832,12,51973484
36782,BTB-00489432,36782,11,30651364
36837,BTB-00496202,36837,12,53393910
14875,ARS-BFGL-NGS-45686,14875,3,26031815
40179,BTB-01290330,40179,4,87744523
15878,ARS-BFGL-NGS-5533,15878,10,54439847
15879,ARS-BFGL-NGS-55339,15879,2,83616368
15874,ARS-BFGL-NGS-55311,15874,22,54583973
15872,ARS-BFGL-NGS-55307,15872,18,11948430
15870,ARS-BFGL-NGS-553,15870,1,124068962
9754,ARS-BFGL-NGS-27516,9754,16,52510377
37277,BTB-00612863,37277,15,69510146
57881,UA-IFASA-6878,57881,14,2002873
53502,Hapmap49925-BTA-24427,53502,2,86704498
39777,BTB-01218761,39777,7,354904
36074,BTB-00371641,36074,8,99527627
5194,ARS-BFGL-NGS-12066,5194,15,27291268
30408,BTA-35665-no-rs,30408,23,42509543
10082,ARS-BFGL-NGS-28608,10082,26,51032219
36165,BTB-00386408,36165,9,28662223
40318,BTB-01312713,40318,4,90703088
15671,ARS-BFGL-NGS-54219,15671,29,21297809
33539,BTA-94054-no-rs,33539,11,18567457
7669,ARS-BFGL-NGS-2036,7669,7,20325702
3352,ARS-BFGL-NGS-104712,3352,11,101875858
40085,BTB-01274755,40085,16,30935096
11063,ARS-BFGL-NGS-31956,11063,23,36112949
37161,BTB-00580212,37161,15,8905048
54272,Hapmap51327-BTA-85076,54272,9,99685101
54747,Hapmap52354-rs29018392,54747,16,12989276
33225,BTA-88775-no-rs,33225,7,68436319
54743,Hapmap52346-rs29024480,54743,6,75380980
29801,BTA-25146-no-rs,29801,27,31757690
29773,BTA-24561-no-rs,29773,6,30990436
33228,BTA-88802-no-rs,33228,16,26613598
40555,BTB-01354617,40555,29,14034875
40222,BTB-01296218,40222,15,17344116
47203,Hapmap32415-BTA-74556,47203,5,93871154
5508,ARS-BFGL-NGS-13131,5508,8,17825722
39348,BTB-01151858,39348,9,57224923
50085,Hapmap41647-BTA-81135,50085,8,50019163
50719,Hapmap42860-BTA-17231,50719,9,40400556
34093,BTB-00032205,34093,1,67734488
43975,BTB-02053074,43975,5,2517249
11110,ARS-BFGL-NGS-32123,11110,15,42784253
8710,ARS-BFGL-NGS-23933,8710,7,51574295
47513,Hapmap33230-BTA-152909,47513,7,84537259
47511,Hapmap33225-BTA-151395,47511,1,55995337
7193,ARS-BFGL-NGS-18624,7193,11,37261133
7191,ARS-BFGL-NGS-18615,7191,28,16897942
34256,BTB-00054647,34256,1,123372013
8538,ARS-BFGL-NGS-23375,8538,24,39181120
48940,Hapmap39284-BTA-70361,48940,4,48408626
9988,ARS-BFGL-NGS-28303,9988,19,49657396
50134,Hapmap41742-BTA-107716,50134,14,36837792
34522,BTB-00098773,34522,2,52497009
50401,Hapmap42261-BTA-59580,50401,25,18029588
11023,ARS-BFGL-NGS-31811,11023,23,31559440
5611,ARS-BFGL-NGS-13472,5611,11,4696808
38369,BTB-00931586,38369,26,21409429
28739,BTA-116518-no-rs,28739,14,77222049
7686,ARS-BFGL-NGS-20424,7686,1,91840712
38167,BTB-00872988,38167,23,44074073
1383,ARS-BFGL-BAC-47330,1383,2,47339483
3824,ARS-BFGL-NGS-106200,3824,10,5406018
35217,BTB-00220229,35217,22,26924506
32498,BTA-76281-no-rs,32498,10,78905418
39842,BTB-01230622,39842,15,62600934
22642,ARS-BFGL-NGS-99274,22642,21,58409066
50660,Hapmap42747-BTA-97910,50660,1,51258380
55748,Hapmap55465-rs29015883,55748,26,27282866
28644,BTA-114834-no-rs,28644,1,112208818
35855,BTB-00334408,35855,8,5940575
28643,BTA-114831-no-rs,28643,2,39709004
55740,Hapmap55445-rs29014484,55740,10,1979167
19175,ARS-BFGL-NGS-75773,19175,17,48788398
22022,ARS-BFGL-NGS-94983,22022,2,87944722
56213,Hapmap58057-rs29012102,56213,13,23452414
43852,BTB-02025707,43852,1,22630942
16123,ARS-BFGL-NGS-56674,16123,3,38179166
386,ARS-BFGL-BAC-16276,386,12,39801280
10988,ARS-BFGL-NGS-31703,10988,22,50009060
56699,Hapmap59570-rs29024349,56699,6,106197672
6771,ARS-BFGL-NGS-17321,6771,15,2491081
9966,ARS-BFGL-NGS-28202,9966,13,38359460
9960,ARS-BFGL-NGS-28191,9960,7,90460692
56109,Hapmap57648-rs29022376,56109,19,22709090
56107,Hapmap57646-rs29022182,56107,27,864922
16018,ARS-BFGL-NGS-56020,16018,29,25110723
3753,ARS-BFGL-NGS-105980,3753,20,64797892
21123,ARS-BFGL-NGS-88529,21123,28,9697693
2199,ARS-BFGL-NGS-101742,2199,18,25228413
250,ARS-BFGL-BAC-14374,250,12,68249566
51822,Hapmap46067-BTA-31318,51822,12,85040905
46062,Hapmap27739-BTA-126803,46062,11,80047731
31809,BTA-64009-no-rs,31809,28,30809642
12036,ARS-BFGL-NGS-35259,12036,9,6336040
11588,ARS-BFGL-NGS-33757,11588,2,123463996
56140,Hapmap57750-ss46526998,56140,3,34285243
20727,ARS-BFGL-NGS-85797,20727,2,64198992
6270,ARS-BFGL-NGS-15682,6270,22,27769749
3908,ARS-BFGL-NGS-106470,3908,23,5047747
9504,ARS-BFGL-NGS-26667,9504,8,8912792
21631,ARS-BFGL-NGS-92135,21631,10,32332809
49092,Hapmap39592-BTA-81433,49092,8,5344895
16348,ARS-BFGL-NGS-58066,16348,3,92986164
13451,ARS-BFGL-NGS-40138,13451,18,35501902
6196,ARS-BFGL-NGS-15456,6196,1,75618069
7996,ARS-BFGL-NGS-21472,7996,7,101697221
2511,ARS-BFGL-NGS-102557,2511,15,31984513
15933,ARS-BFGL-NGS-55602,15933,2,93600676
5290,ARS-BFGL-NGS-12384,5290,29,43328607
48231,Hapmap36186-SCAFFOLD206949_1268,48231,17,6556513
22812,ARS-USMARC-Parent-DQ470475-no-rs,22812,5,7651053
58059,UA-IFASA-8043,58059,18,13346768
52759,Hapmap48544-BTA-98418,52759,2,118054344
10369,ARS-BFGL-NGS-29620,10369,22,6294082
22817,ARS-USMARC-Parent-DQ647187-rs29010510,22817,3,21146877
22814,ARS-USMARC-Parent-DQ489377-rs29026932,22814,3,98188384
22815,ARS-USMARC-Parent-DQ500958-no-rs,22815,5,27825118
58053,UA-IFASA-7987,58053,19,18799689
22819,ARS-USMARC-Parent-DQ647189-rs29012226,22819,5,63273386
52754,Hapmap48539-BTA-97781,52754,10,28996491
38569,BTB-00980887,38569,28,22633575
43606,BTB-01969338,43606,17,46594077
54975,Hapmap53146-ss46526085,54975,6,109056666
53975,Hapmap50799-BTA-84323,53975,9,77162640
45260,Hapmap25546-BTA-137359,45260,23,35309434
53970,Hapmap50786-BTA-80052,53970,7,82209855
48305,Hapmap36554-NPY_499F3-SNP1,48305,4,72071212
41214,BTB-01474679,41214,6,66549547
53979,Hapmap50807-BTA-86717,53979,3,47407040
48436,Hapmap38195-BTA-112765,48436,10,63836108
18548,ARS-BFGL-NGS-71592,18548,4,3516845
40167,BTB-01287574,40167,1,133671941
48439,Hapmap38198-BTA-117515,48439,11,20622003
53570,Hapmap50048-BTA-59263,53570,1,27465349
53920,Hapmap50667-BTA-34616,53920,1,70974318
1608,ARS-BFGL-NGS-100197,1608,20,48450702
21417,ARS-BFGL-NGS-90570,21417,23,28021047
3228,ARS-BFGL-NGS-104400,3228,24,60394194
9299,ARS-BFGL-NGS-25959,9299,21,64354251
809,ARS-BFGL-BAC-30348,809,2,22151093
11967,ARS-BFGL-NGS-35058,11967,17,51076762
44359,Hapmap22686-BTC-044345,44359,6,102367174
54198,Hapmap51197-BTA-25294,54198,9,8245432
40307,BTB-01311082,40307,17,7527510
30188,BTA-31397-no-rs,30188,12,86277371
41543,BTB-01541076,41543,16,8868238
20273,ARS-BFGL-NGS-82717,20273,24,2536985
37199,BTB-00588361,37199,8,32366271
10147,ARS-BFGL-NGS-28836,10147,5,28895850
1773,ARS-BFGL-NGS-100614,1773,7,75370366
33987,BTB-00016906,33987,1,35367693
54757,Hapmap52383-rs29020089,54757,15,66298095
40760,BTB-01392065,40760,4,65458091
30763,BTA-42610-no-rs,30763,18,3316273
47239,Hapmap32557-BTA-133920,47239,2,39031524
18164,ARS-BFGL-NGS-69005,18164,10,75821328
34409,BTB-00084004,34409,2,24905225
6994,ARS-BFGL-NGS-18010,6994,29,37101861
30768,BTA-42763-no-rs,30768,18,21077410
8145,ARS-BFGL-NGS-21988,8145,10,47842705
8631,ARS-BFGL-NGS-23681,8631,13,12877928
18365,ARS-BFGL-NGS-70374,18365,10,49942490
38283,BTB-00893432,38283,24,62191687
5511,ARS-BFGL-NGS-13139,5511,14,32590800
39374,BTB-01155362,39374,3,79247381
29126,BTA-122400-no-rs,29126,1,47831916
17994,ARS-BFGL-NGS-67872,17994,17,11971465
39578,BTB-01189502,39578,24,37098714
1557,ARS-BFGL-NGS-100077,1557,2,101835294
28436,BTA-111516-no-rs,28436,20,50347483
28342,BTA-110073-no-rs,28342,7,27732801
2994,ARS-BFGL-NGS-103784,2994,13,39137454
34314,BTB-00066658,34314,1,142616678
30349,BTA-34139-no-rs,30349,13,13843476
8030,ARS-BFGL-NGS-21592,8030,19,24457274
50877,Hapmap43142-BTA-107561,50877,6,29556343
22873,ARS-USMARC-Parent-EF028073-rs29014953,22873,18,1839733
50871,Hapmap43132-BTA-106451,50871,16,14182644
48930,Hapmap39267-BTA-36676,48930,15,34082620
34530,BTB-00099032,34530,2,50262148
51455,Hapmap44260-BTA-59780,51455,25,27872006
29634,BTA-22124-no-rs,29634,9,47208243
1394,ARS-BFGL-BAC-4996,1394,1,36059447
28726,BTA-116337-no-rs,28726,21,41523341
47786,Hapmap34129-BES11_Contig277_1586,47786,3,18062515
22654,ARS-BFGL-NGS-99368,22654,6,69026906
55480,Hapmap54692-rs29024667,55480,19,39491813
3818,ARS-BFGL-NGS-106191,3818,18,18997878
29519,BTA-20517-no-rs,29519,1,117585231
35265,BTB-00227661,35265,8,76059716
35596,BTB-00285653,35596,8,30036807
52834,Hapmap48689-BTA-23260,52834,8,51632699
33077,BTA-86242-no-rs,33077,6,91840239
32804,BTA-82128-no-rs,32804,8,88279367
32805,BTA-82131-no-rs,32805,8,88329628
51057,Hapmap43494-BTA-122491,51057,10,94570405
19161,ARS-BFGL-NGS-75693,19161,9,39779363
4295,ARS-BFGL-NGS-107699,4295,10,37133985
50690,Hapmap42796-BTA-108223,50690,3,2449969
48843,Hapmap39027-BTA-48208,48843,1,118194724
11354,ARS-BFGL-NGS-32909,11354,5,67846632
55006,Hapmap53237-rs29021167,55006,10,63095461
16136,ARS-BFGL-NGS-56801,16136,18,11245392
51903,Hapmap46550-BTA-103548,51903,20,30928803
6169,ARS-BFGL-NGS-1534,6169,11,81948811
35667,BTB-00304608,35667,7,37983978
35666,BTB-00304299,35666,7,37289420
19297,ARS-BFGL-NGS-76537,19297,8,52939275
43440,BTB-01931918,43440,1,18170722
9977,ARS-BFGL-NGS-28247,9977,5,106681257
19763,ARS-BFGL-NGS-79458,19763,11,106682471
9975,ARS-BFGL-NGS-28236,9975,7,85665441
32327,BTA-73439-no-rs,32327,5,38701654
33039,BTA-85538-no-rs,33039,5,53704130
56843,Hapmap60044-rs29010295,56843,1,20634675
52344,Hapmap47669-BTA-59022,52344,24,1094942
56848,Hapmap60068-rs29019325,56848,19,20372100
57795,UA-IFASA-6320,57795,19,12032389
12024,ARS-BFGL-NGS-35219,12024,4,106885171
32068,BTA-69456-no-rs,32068,3,109256429
229,ARS-BFGL-BAC-14233,229,11,38652048
2184,ARS-BFGL-NGS-101699,2184,21,14000867
51831,Hapmap46132-BTA-29718,51831,3,54082178
32066,BTA-69403-no-rs,32066,11,105371400
33177,BTA-88049-no-rs,33177,6,643965
43843,BTB-02022899,43843,6,9105841
52239,Hapmap47452-BTA-97231,52239,8,58412150
6690,ARS-BFGL-NGS-17077,6690,20,22907088
56209,Hapmap58049-rs29013711,56209,4,92235197
51123,Hapmap43636-BTA-63692,51123,28,18780603
49555,Hapmap40514-BTA-28872,49555,20,68230269
53185,Hapmap49335-BTA-83363,53185,9,4199056
32117,BTA-70293-no-rs,32117,4,42733341
49080,Hapmap39566-BTA-43960,49080,18,60319267
19838,ARS-BFGL-NGS-79910,19838,9,32695841
1429,ARS-BFGL-BAC-6489,1429,15,58411725
4519,ARS-BFGL-NGS-108454,4519,10,65877655
45417,Hapmap25985-BTC-020890,45417,25,6444456
45419,Hapmap26001-BTC-038813,45419,6,44926243
17564,ARS-BFGL-NGS-65263,17564,8,107243184
49154,Hapmap39710-BTA-108633,49154,1,47011181
2501,ARS-BFGL-NGS-102536,2501,10,82077994
17190,ARS-BFGL-NGS-62906,17190,11,13824939
9353,ARS-BFGL-NGS-26090,9353,1,111544625
9602,ARS-BFGL-NGS-26959,9602,14,11220778
46854,Hapmap31441-BTA-145417,46854,7,102658777
58049,UA-IFASA-7973,58049,14,76043148
10176,ARS-BFGL-NGS-28965,10176,11,740136
17778,ARS-BFGL-NGS-66558,17778,4,97657010
21242,ARS-BFGL-NGS-89437,21242,12,45952853
41167,BTB-01465034,41167,15,49987359
22829,ARS-USMARC-Parent-DQ786762-rs29010772,22829,10,81572252
22828,ARS-USMARC-Parent-DQ786761-rs29012840,22828,10,44103665
22826,ARS-USMARC-Parent-DQ786759-rs29026696,22826,7,94259472
22825,ARS-USMARC-Parent-DQ786758-rs29024430,22825,7,18454636
22824,ARS-USMARC-Parent-DQ786757-rs29019900,22824,2,111155237
22823,ARS-USMARC-Parent-DQ674265-rs29011266,22823,8,106174871
22822,ARS-USMARC-Parent-DQ650636-rs29024525,22822,8,28799249
22821,ARS-USMARC-Parent-DQ650635-rs29012174,22821,7,55116289
21249,ARS-BFGL-NGS-89500,21249,10,20117400
36563,BTB-00444654,36563,10,91751584
57426,UA-IFASA-2078,57426,24,10568706
9516,ARS-BFGL-NGS-26708,9516,5,96623157
10777,ARS-BFGL-NGS-31031,10777,10,46345098
48332,Hapmap36668-SCAFFOLD65016_14724,48332,9,94123343
57429,UA-IFASA-2111,57429,6,84351311
12203,ARS-BFGL-NGS-35794,12203,17,16871712
14850,ARS-BFGL-NGS-45488,14850,25,37693781
48445,Hapmap38207-BTA-19427,48445,3,46747787
20442,ARS-BFGL-NGS-83811,20442,9,90322432
45743,Hapmap26934-BTA-124853,45743,23,38921550
48448,Hapmap38210-BTA-25613,48448,17,58285008
40151,BTB-01285049,40151,1,63199096
10518,ARS-BFGL-NGS-30110,10518,15,76675303
48681,Hapmap38694-BTA-76566,48681,6,61591415
9777,ARS-BFGL-NGS-27577,9777,7,26066004
54697,Hapmap52220-rs29016259,54697,1,24302207
7309,ARS-BFGL-NGS-19042,7309,2,95245853
18420,ARS-BFGL-NGS-70744,18420,3,10422377
33422,BTA-92291-no-rs,33422,27,2021945
13247,ARS-BFGL-NGS-39444,13247,9,43960964
11914,ARS-BFGL-NGS-34868,11914,24,34962232
15615,ARS-BFGL-NGS-53911,15615,2,11458935
2850,ARS-BFGL-NGS-103416,2850,16,70338655
18774,ARS-BFGL-NGS-73114,18774,24,20163874
14210,ARS-BFGL-NGS-42736,14210,3,33367402
20282,ARS-BFGL-NGS-82778,20282,14,57052007
1704,ARS-BFGL-NGS-100416,1704,25,13469186
37968,BTB-00809334,37968,21,19658065
15856,ARS-BFGL-NGS-55179,15856,9,95450193
41155,BTB-01462237,41155,1,45546359
37960,BTB-00806621,37960,21,18912588
29283,BTA-15593-no-rs,29283,10,88133750
16273,ARS-BFGL-NGS-57669,16273,27,8189265
34431,BTB-00086860,34431,2,20896601
1127,ARS-BFGL-BAC-35552,1127,2,12823369
18377,ARS-BFGL-NGS-70466,18377,4,30770711
18374,ARS-BFGL-NGS-70445,18374,17,38902191
33956,BTB-00012448,33956,1,29004968
18373,ARS-BFGL-NGS-70438,18373,25,33438819
21162,ARS-BFGL-NGS-88866,21162,15,55871819
15104,ARS-BFGL-NGS-4860,15104,18,6523067
17983,ARS-BFGL-NGS-67812,17983,23,3626219
22888,ARS-USMARC-Parent-EF093512-rs29013546,22888,27,15141319
3026,ARS-BFGL-NGS-10386,3026,9,77832949
28400,BTA-110980-no-rs,28400,1,31173269
3023,ARS-BFGL-NGS-103852,3023,22,1232199
39563,BTB-01187109,39563,1,82436081
28405,BTA-111072-no-rs,28405,6,64059795
34980,BTB-00179180,34980,4,41657868
29918,BTA-27150-no-rs,29918,26,12404200
12592,ARS-BFGL-NGS-37190,12592,28,25771595
13866,ARS-BFGL-NGS-41451,13866,17,27516228
34058,BTB-00027149,34058,1,65276480
50191,Hapmap41858-BTA-39601,50191,16,57644356
50195,Hapmap41865-BTA-42966,50195,18,32887225
4356,ARS-BFGL-NGS-107881,4356,23,33961556
22882,ARS-USMARC-Parent-EF042090-no-rs,22882,15,21207529
47792,Hapmap34166-BES2_Contig374_1218,47792,24,24961929
38383,BTB-00934994,38383,29,23935266
28081,BTA-105718-no-rs,28081,8,93276825
39490,BTB-01175021,39490,23,48309097
39496,BTB-01175783,39496,7,57074129
22620,ARS-BFGL-NGS-99132,22620,9,84616437
55498,Hapmap54735-ss46526095,55498,16,40001986
35276,BTB-00232546,35276,5,77311671
3800,ARS-BFGL-NGS-106149,3800,21,20300789
51023,Hapmap43421-BTA-97718,51023,27,28148660
15320,ARS-BFGL-NGS-51630,15320,20,5096097
5704,ARS-BFGL-NGS-13845,5704,12,37678844
39387,BTB-01157292,39387,8,43890714
7558,ARS-BFGL-NGS-19947,7558,6,58814212
50333,Hapmap42138-BTA-21868,50333,1,128117807
56723,Hapmap59644-rs29012735,56723,7,28416847
35870,BTB-00336457,35870,8,16416471
16108,ARS-BFGL-NGS-5662,16108,11,83028893
56721,Hapmap59639-rs29012044,56721,11,84997734
16100,ARS-BFGL-NGS-56579,16100,18,52486964
52914,Hapmap48839-BTA-65003,52914,29,2745018
22539,ARS-BFGL-NGS-98588,22539,5,42436216
13641,ARS-BFGL-NGS-40737,13641,24,43011857
32587,BTA-78048-no-rs,32587,6,117409606
50695,Hapmap42807-BTA-110986,50695,8,100173145
56479,Hapmap58876-ss46526986,56479,9,89308006
19759,ARS-BFGL-NGS-79429,19759,7,69468569
32278,BTA-72768-no-rs,32278,5,13659330
16036,ARS-BFGL-NGS-56163,16036,13,83202886
19936,ARS-BFGL-NGS-80508,19936,17,11001696
56651,Hapmap59411-ss46526171,56651,27,19067353
19246,ARS-BFGL-NGS-76191,19246,11,62732451
57786,UA-IFASA-6266,57786,29,14751300
17340,ARS-BFGL-NGS-63905,17340,15,63414520
56302,Hapmap58315-ss46527116,56302,3,111153856
16585,ARS-BFGL-NGS-5956,16585,3,7866803
234,ARS-BFGL-BAC-14277,234,11,3803359
27924,BTA-102864-no-rs,27924,9,51985736
12691,ARS-BFGL-NGS-3760,12691,12,70224733
43010,BTB-01841032,43010,12,2836171
53715,Hapmap50326-BTA-35180,53715,14,61449078
5927,ARS-BFGL-NGS-14536,5927,8,40775647
43834,BTB-02020793,43834,9,25185694
21651,ARS-BFGL-NGS-92296,21651,10,12412780
9372,ARS-BFGL-NGS-26163,9372,6,104408900
142,ARS-BFGL-BAC-12579,142,1,39339779
20877,ARS-BFGL-NGS-86825,20877,6,86794730
53885,Hapmap50610-BTA-18534,53885,12,6763647
41946,BTB-01626709,41946,3,113907407
7824,ARS-BFGL-NGS-20933,7824,28,44453761
16692,ARS-BFGL-NGS-60151,16692,27,27446887
2713,ARS-BFGL-NGS-103077,2713,13,65006713
27957,BTA-103370-no-rs,27957,6,51624757
20673,ARS-BFGL-NGS-85411,20673,14,66339300
9367,ARS-BFGL-NGS-26139,9367,5,72982750
46539,Hapmap30362-BTA-79378,46539,7,59353807
20679,ARS-BFGL-NGS-8545,20679,20,38487130
22838,ARS-USMARC-Parent-DQ837645-rs29015870,22838,11,24553007
17167,ARS-BFGL-NGS-62748,17167,5,65922088
38544,BTB-00975169,38544,28,7823597
39818,BTB-01225907,39818,16,32653232
22830,ARS-USMARC-Parent-DQ786763-rs29020472,22830,12,11824653
22831,ARS-USMARC-Parent-DQ786764-no-rs,22831,12,25668974
49189,Hapmap39765-BTA-62582,49189,3,99317016
22833,ARS-USMARC-Parent-DQ786766-rs29012070,22833,10,3530271
22834,ARS-USMARC-Parent-DQ789028-rs29017713,22834,6,46936182
22836,ARS-USMARC-Parent-DQ837643-rs29018818,22836,11,66341589
22837,ARS-USMARC-Parent-DQ837644-rs29010468,22837,8,88974063
56899,Hapmap60226-rs29011503,56899,7,92744435
10687,ARS-BFGL-NGS-3069,10687,25,10968180
57431,UA-IFASA-2130,57431,4,28413603
42765,BTB-01786029,42765,1,46201490
9567,ARS-BFGL-NGS-26860,9567,8,48326136
57438,UA-IFASA-2202,57438,5,61232643
12277,ARS-BFGL-NGS-36059,12277,16,79896422
18568,ARS-BFGL-NGS-71741,18568,18,57137345
5385,ARS-BFGL-NGS-12711,5385,5,71045870
14845,ARS-BFGL-NGS-45453,14845,5,112521878
41417,BTB-01515859,41417,8,109469302
48691,Hapmap38711-BTA-90355,48691,24,46406960
53797,Hapmap50460-BTA-75791,53797,6,8478503
48694,Hapmap38716-BTA-100681,48694,8,98861495
48697,Hapmap38720-BTA-105046,48697,1,116582598
58145,UA-IFASA-8493,58145,14,44983157
48699,Hapmap38722-BTA-107506,48699,23,45507722
58146,UA-IFASA-8495,58146,19,59879433
58143,UA-IFASA-8487,58143,29,3605478
8876,ARS-BFGL-NGS-24521,8876,23,13025914
37425,BTB-00647613,37425,16,59741713
37356,BTB-00633646,37356,16,31654996
21472,ARS-BFGL-NGS-91002,21472,21,69853542
18960,ARS-BFGL-NGS-74296,18960,14,20421717
45334,Hapmap25798-BTA-126388,45334,11,32731961
827,ARS-BFGL-BAC-30741,827,23,22848975
48218,Hapmap36138-SCAFFOLD96069_11607,48218,23,6616920
820,ARS-BFGL-BAC-30703,820,2,37156818
12904,ARS-BFGL-NGS-38278,12904,2,17142680
53422,Hapmap49780-BTA-86092,53422,12,19406605
48076,Hapmap35472-SCAFFOLD35342_21388,48076,21,66107076
20293,ARS-BFGL-NGS-82859,20293,14,17517923
20291,ARS-BFGL-NGS-82854,20291,17,14558961
29726,BTA-23789-no-rs,29726,12,48609392
40484,BTB-01342721,40484,5,41565285
36609,BTB-00455305,36609,11,8008738
1130,ARS-BFGL-BAC-35593,1130,17,69703894
18343,ARS-BFGL-NGS-7020,18343,5,61861737
33941,BTB-00009762,33941,1,25010799
2790,ARS-BFGL-NGS-103280,2790,5,84523411
39559,BTB-01186797,39559,13,49053256
17973,ARS-BFGL-NGS-67754,17973,1,148816004
29384,BTA-17775-no-rs,29384,8,21073477
52148,Hapmap47226-BTA-25234,52148,18,63572848
12875,ARS-BFGL-NGS-38191,12875,4,69431904
8505,ARS-BFGL-NGS-23266,8505,10,26173687
30010,BTA-28730-no-rs,30010,8,12422837
625,ARS-BFGL-BAC-26936,625,14,80753881
47674,Hapmap33688-BTA-62855,47674,27,6866166
31016,BTA-48265-no-rs,31016,2,1826336
31545,BTA-58638-no-rs,31545,24,53790841
4183,ARS-BFGL-NGS-107346,4183,11,48495399
4184,ARS-BFGL-NGS-107347,4184,1,93601848
6536,ARS-BFGL-NGS-16595,6536,3,90353180
40453,BTB-01337600,40453,29,27852015
5668,ARS-BFGL-NGS-13683,5668,1,135995337
51069,Hapmap43513-BTA-21673,51069,12,45135480
2882,ARS-BFGL-NGS-103501,2882,2,96021111
53230,Hapmap49408-BTA-101235,53230,2,94255738
28709,BTA-116009-no-rs,28709,9,91957395
8616,ARS-BFGL-NGS-23616,8616,6,55384541
31164,BTA-50676-no-rs,31164,20,44694564
17882,ARS-BFGL-NGS-67195,17882,10,95448891
28361,BTA-110429-no-rs,28361,11,87670344
8476,ARS-BFGL-NGS-23161,8476,2,108869015
43224,BTB-01887959,43224,22,9222993
12473,ARS-BFGL-NGS-36793,12473,13,80239131
53787,Hapmap50445-BTA-70383,53787,4,49036289
5712,ARS-BFGL-NGS-13878,5712,4,66178170
17629,ARS-BFGL-NGS-65669,17629,2,77583642
52714,Hapmap48448-BTA-71823,52714,4,100663967
22527,ARS-BFGL-NGS-98525,22527,13,72927026
56026,Hapmap57339-rs29010375,56026,15,24632628
35244,BTB-00225243,35244,5,36772262
56869,Hapmap60125-rs29018949,56869,4,57829798
17378,ARS-BFGL-NGS-64085,17378,26,40432824
13141,ARS-BFGL-NGS-39078,13141,10,56384524
52362,Hapmap47719-BTA-74313,52362,10,70736766
56314,Hapmap58353-rs29010993,56314,14,49450613
32286,BTA-72912-no-rs,32286,5,22020313
16591,ARS-BFGL-NGS-59595,16591,14,68642901
22743,ARS-USMARC-528,22743,17,34752485
12680,ARS-BFGL-NGS-37550,12680,22,15751257
56793,Hapmap59876-rs29018046,56793,2,13853729
56790,Hapmap59864-rs29017634,56790,6,67213645
31837,BTA-64815-no-rs,31837,28,13659540
11794,ARS-BFGL-NGS-34440,11794,2,115714967
16114,ARS-BFGL-NGS-5665,16114,10,43012833
10823,ARS-BFGL-NGS-31205,10823,16,65172819
22855,ARS-USMARC-Parent-DQ888313-no-rs,22855,20,17837675
12022,ARS-BFGL-NGS-35211,12022,3,3723881
4609,ARS-BFGL-NGS-108725,4609,9,31209983
20847,ARS-BFGL-NGS-86644,20847,21,14605574
38528,BTB-00970690,38528,27,44563698
13405,ARS-BFGL-NGS-39990,13405,12,81491302
42688,BTB-01770968,42688,6,4123642
11667,ARS-BFGL-NGS-34042,11667,23,16052126
11463,ARS-BFGL-NGS-33348,11463,22,11935606
56087,Hapmap57586-rs29015232,56087,13,6396120
41317,BTB-01495784,41317,5,34101843
9379,ARS-BFGL-NGS-26183,9379,24,9760206
58020,UA-IFASA-7751,58020,3,62689947
20602,ARS-BFGL-NGS-84887,20602,13,31876709
27925,BTA-102882-no-rs,27925,13,81665695
10351,ARS-BFGL-NGS-29536,10351,1,52075648
57350,INRA-638,57350,3,62004226
42101,BTB-01651888,42101,2,59760905
5068,ARS-BFGL-NGS-11582,5068,27,25501920
38553,BTB-00978135,38553,28,14338094
17157,ARS-BFGL-NGS-62687,17157,1,69867959
49626,Hapmap40696-BTA-24595,49626,17,61269381
49196,Hapmap39783-BTA-84049,49196,9,68652498
17158,ARS-BFGL-NGS-6269,17158,19,29411883
21261,ARS-BFGL-NGS-89563,21261,7,48881790
4408,ARS-BFGL-NGS-108083,4408,22,47537080
13316,ARS-BFGL-NGS-39696,13316,16,27629566
46982,Hapmap31828-BTA-159336,46982,17,19207100
10750,ARS-BFGL-NGS-30948,10750,4,34437532
42976,BTB-01834845,42976,12,56553579
53764,Hapmap50415-BTA-59713,53764,25,23556650
42200,BTB-01672122,42200,22,17303141
6254,ARS-BFGL-NGS-15627,6254,3,27215754
53541,Hapmap49986-BTA-41525,53541,1,90802931
53543,Hapmap49989-BTA-42921,53543,18,30929829
49992,Hapmap41469-BTA-19461,49992,1,101403755
53231,Hapmap49412-BTA-102739,53231,12,38660049
14831,ARS-BFGL-NGS-45335,14831,1,40879690
48464,Hapmap38248-BTA-73843,48464,5,6462823
4224,ARS-BFGL-NGS-107479,4224,18,40871506
53784,Hapmap50441-BTA-68295,53784,3,67550755
53781,Hapmap50438-BTA-67925,53781,3,55537894
48661,Hapmap38652-BTA-111852,48661,4,13551388
58150,UA-IFASA-8520,58150,14,31197593
3474,ARS-BFGL-NGS-105052,3474,4,11355642
36126,BTB-00380899,36126,9,16046958
8888,ARS-BFGL-NGS-24552,8888,26,9947363
14943,ARS-BFGL-NGS-4640,14943,28,32075192
44585,Hapmap23395-BTA-131365,44585,17,35461879
20595,ARS-BFGL-NGS-84831,20595,21,21831416
54838,Hapmap52631-rs29014860,54838,8,14030646
45610,Hapmap26512-BTA-52638,45610,21,55483469
33406,BTA-92021-no-rs,33406,11,9385008
18403,ARS-BFGL-NGS-70632,18403,19,32003877
54833,Hapmap52622-rs29010435,54833,3,535711
54301,Hapmap51377-BTA-106302,54301,11,76931025
54659,Hapmap52072-rs29018920,54659,21,2333804
7025,ARS-BFGL-NGS-18108,7025,4,870437
53434,Hapmap49807-BTA-95128,53434,11,44891666
10226,ARS-BFGL-NGS-29118,10226,13,8497369
54713,Hapmap52259-rs29019756,54713,24,47603966
787,ARS-BFGL-BAC-29836,787,24,54571696
21510,ARS-BFGL-NGS-91250,21510,22,16661066
30578,BTA-38871-no-rs,30578,16,40880683
37238,BTB-00599376,37238,15,47109587
54788,Hapmap52479-rs29018853,54788,6,79203343
36639,BTB-00462019,36639,11,15115350
5827,ARS-BFGL-NGS-14224,5827,24,32032423
7595,ARS-BFGL-NGS-20061,7595,17,45836823
11020,ARS-BFGL-NGS-31807,11020,10,61684704
57549,UA-IFASA-4359,57549,15,78330054
47800,Hapmap34230-BES4_Contig184_623,47800,9,30879351
1586,ARS-BFGL-NGS-100144,1586,24,33076123
48488,Hapmap38307-BTA-33222,48488,13,66080035
37657,BTB-00706857,37657,26,15861364
29931,BTA-27415-no-rs,29931,2,7751590
33578,BTA-94737-no-rs,33578,6,2584893
12862,ARS-BFGL-NGS-38131,12862,6,11447723
44537,Hapmap23269-BTA-147941,44537,15,68047712
31194,BTA-51494-no-rs,31194,20,8995764
8065,ARS-BFGL-NGS-21685,8065,26,49050200
47663,Hapmap33665-BTA-142069,47663,4,38680360
7484,ARS-BFGL-NGS-19671,7484,8,68442169
6524,ARS-BFGL-NGS-1655,6524,24,40114436
40663,BTB-01373902,40663,29,1753384
7482,ARS-BFGL-NGS-19663,7482,26,43933332
4373,ARS-BFGL-NGS-107931,4373,13,63500701
2895,ARS-BFGL-NGS-103531,2895,19,21006570
50334,Hapmap42140-BTA-22375,50334,4,79215287
11065,ARS-BFGL-NGS-31959,11065,25,24625971
2890,ARS-BFGL-NGS-103520,2890,11,100924099
2892,ARS-BFGL-NGS-103524,2892,3,85253155
34452,BTB-00089384,34452,2,35264900
34456,BTB-00090441,34456,2,27950681
17894,ARS-BFGL-NGS-67260,17894,2,135190642
31442,BTA-56389-no-rs,31442,1,146384457
13799,ARS-BFGL-NGS-41239,13799,15,56482148
48876,Hapmap39103-BTA-111886,48876,5,91346899
2418,ARS-BFGL-NGS-10231,2418,7,63215249
50531,Hapmap42512-BTA-32321,50531,13,34909187
12338,ARS-BFGL-NGS-36323,12338,10,90461387
15306,ARS-BFGL-NGS-51490,15306,5,16522966
15300,ARS-BFGL-NGS-5141,15300,24,28772509
50026,Hapmap41532-BTA-40872,50026,17,40693717
58058,UA-IFASA-8040,58058,10,76428175
3916,ARS-BFGL-NGS-106490,3916,3,13635591
19489,ARS-BFGL-NGS-7772,19489,2,108030356
35491,BTB-00266404,35491,12,58889102
52971,Hapmap48942-BTA-91048,52971,25,32755073
8311,ARS-BFGL-NGS-22537,8311,28,8719697
4152,ARS-BFGL-NGS-107265,4152,20,25760711
56416,Hapmap58649-rs29011010,56416,28,28953159
11257,ARS-BFGL-NGS-32590,11257,24,8740300
11251,ARS-BFGL-NGS-32563,11251,14,19649604
22777,ARS-USMARC-Parent-AY842475-rs29002127,22777,4,20181749
217,ARS-BFGL-BAC-13828,217,13,32531513
55852,Hapmap56169-rs29017544,55852,4,89628134
22774,ARS-USMARC-Parent-AY842472-rs29001941,22774,3,40399136
22772,ARS-USMARC-Parent-AY776154-no-rs,22772,2,26997623
55500,Hapmap54741-rs29013272,55500,12,27231432
16767,ARS-BFGL-NGS-6059,16767,29,41009717
19269,ARS-BFGL-NGS-76330,19269,28,33449126
43966,BTB-02051812,43966,4,78391303
56637,Hapmap59373-rs29018501,56637,11,89627301
22778,ARS-USMARC-Parent-AY844963-rs17871338,22778,5,98102349
22176,ARS-BFGL-NGS-96067,22176,15,36167239
12079,ARS-BFGL-NGS-3541,12079,23,9479267
51171,Hapmap43722-BTA-91004,51171,12,82958992
10888,ARS-BFGL-NGS-31421,10888,1,129646287
52426,Hapmap47844-BTA-115673,52426,6,113538490
16161,ARS-BFGL-NGS-57054,16161,16,77648438
32636,BTA-78751-no-rs,32636,7,32091641
19315,ARS-BFGL-NGS-76629,19315,17,63063122
51957,Hapmap46782-BTA-19874,51957,1,147175381
56523,Hapmap59009-rs29027446,56523,2,23686403
21853,ARS-BFGL-NGS-93711,21853,6,74084829
43586,BTB-01965723,43586,6,24429085
49059,Hapmap39519-BTA-85553,49059,17,53620065
49509,Hapmap40402-BTA-15329,49509,1,157328169
39944,BTB-01249515,39944,9,37269912
3646,ARS-BFGL-NGS-105605,3646,11,88416017
21076,ARS-BFGL-NGS-8820,21076,22,5651405
16305,ARS-BFGL-NGS-57870,16305,2,37813654
22820,ARS-USMARC-Parent-DQ647190-rs29013632,22820,6,13897068
45427,Hapmap26072-BTC-065132,45427,14,4149375
46423,Hapmap29977-BTA-131179,46423,16,75462069
52371,Hapmap47742-BTA-80071,52371,7,89384116
2390,ARS-BFGL-NGS-10225,2390,12,29120186
39834,BTB-01228397,39834,4,36616352
20613,ARS-BFGL-NGS-84998,20613,10,16819310
45195,Hapmap25329-BTA-159835,45195,25,31961994
10326,ARS-BFGL-NGS-29458,10326,26,1292508
4890,ARS-BFGL-NGS-109648,4890,3,36035377
2777,ARS-BFGL-NGS-103236,2777,10,40939069
16948,ARS-BFGL-NGS-6156,16948,25,28470779
6265,ARS-BFGL-NGS-15669,6265,2,74063186
36750,BTB-00483457,36750,15,37338267
16783,ARS-BFGL-NGS-60695,16783,22,21888915
36753,BTB-00484645,36753,26,6487986
1850,ARS-BFGL-NGS-100840,1850,11,98553957
13302,ARS-BFGL-NGS-3965,13302,24,58778920
4412,ARS-BFGL-NGS-108096,4412,8,57619690
20854,ARS-BFGL-NGS-86662,20854,1,40206017
52151,Hapmap47236-BTA-29404,52151,4,19401500
9548,ARS-BFGL-NGS-26808,9548,8,14886162
2604,ARS-BFGL-NGS-102805,2604,13,2686675
14821,ARS-BFGL-NGS-45265,14821,4,108608248
14826,ARS-BFGL-NGS-45289,14826,24,49813314
21325,ARS-BFGL-NGS-89981,21325,9,73973594
5128,ARS-BFGL-NGS-11811,5128,15,51342624
1936,ARS-BFGL-NGS-101070,1936,21,29704865
21690,ARS-BFGL-NGS-92582,21690,6,93175994
53845,Hapmap50550-BTA-103658,53845,12,26491935
20583,ARS-BFGL-NGS-8471,20583,28,29547026
53332,Hapmap49605-BTA-43064,53332,18,37328355
11926,ARS-BFGL-NGS-34903,11926,11,83867859
7941,ARS-BFGL-NGS-21278,7941,6,25033485
54310,Hapmap51387-BTA-109077,54310,16,6494072
54312,Hapmap51391-BTA-112776,54312,15,13631935
37396,BTB-00640138,37396,1,64077996
55244,Hapmap54010-rs29018717,55244,14,65300637
40053,BTB-01269021,40053,7,77743281
41508,BTB-01535139,41508,10,101452362
38713,BTB-01022586,38713,29,31359399
48019,Hapmap35191-BES11_Contig367_1030,48019,7,55144387
38925,BTB-01075741,38925,14,62081472
10255,ARS-BFGL-NGS-29228,10255,1,143379850
1731,ARS-BFGL-NGS-100490,1731,16,60527452
30546,BTA-38441-no-rs,30546,1,80875014
29704,BTA-23441-no-rs,29704,8,19138288
54798,Hapmap52514-rs29024554,54798,2,904065
29700,BTA-23408-no-rs,29700,18,42461953
37083,BTB-00566183,37083,14,41518493
18504,ARS-BFGL-NGS-71269,18504,17,74533008
46699,Hapmap30912-BTA-71048,46699,4,68313751
29897,BTA-26849-no-rs,29897,7,29775999
22810,ARS-USMARC-Parent-DQ451555-rs29010795,22810,1,29524658
55523,Hapmap54789-rs29011450,55523,28,38503969
1026,ARS-BFGL-BAC-34208,1026,1,86351590
47875,Hapmap34577-BES3_Contig412_886,47875,5,69512930
38001,BTB-00817900,38001,21,37594193
3422,ARS-BFGL-NGS-104897,3422,1,112863292
9673,ARS-BFGL-NGS-27172,9673,10,59384121
40474,BTB-01341053,40474,20,60447656
8071,ARS-BFGL-NGS-21711,8071,18,1137609
47613,Hapmap33520-BTA-161429,47613,20,16244333
47616,Hapmap33532-BTA-84282,47616,9,75597064
18031,ARS-BFGL-NGS-6814,18031,25,2481478
18039,ARS-BFGL-NGS-68189,18039,8,8145310
8270,ARS-BFGL-NGS-22357,8270,12,41817491
8676,ARS-BFGL-NGS-23821,8676,15,39405517
47279,Hapmap32631-BTA-156665,47279,13,4883916
31142,BTA-50347-no-rs,31142,1,128887823
53963,Hapmap50772-BTA-74551,53963,5,90271919
22619,ARS-BFGL-NGS-99128,22619,20,861460
47726,Hapmap33867-BES4_Contig286_900,47726,23,12227994
35718,BTB-00314819,35718,7,63279514
47722,Hapmap33855-BES7_Contig421_544,47722,2,80335082
55197,Hapmap53874-rs29020139,55197,19,62177834
47058,Hapmap32042-BTA-133010,47058,19,34319757
8412,ARS-BFGL-NGS-22915,8412,10,19436488
8411,ARS-BFGL-NGS-22914,8411,19,17923922
47299,Hapmap32669-BTA-50759,47299,20,50999239
42892,BTB-01812529,42892,4,36015624
8415,ARS-BFGL-NGS-22924,8415,3,41816541
12419,ARS-BFGL-NGS-36607,12419,3,92327315
50544,Hapmap42539-BTA-40292,50544,16,17070345
9807,ARS-BFGL-NGS-27676,9807,16,13922553
12410,ARS-BFGL-NGS-36574,12410,13,40031719
30922,BTA-46228-no-rs,30922,1,6882069
9802,ARS-BFGL-NGS-27655,9802,3,3017659
19126,ARS-BFGL-NGS-75483,19126,11,28255163
4851,ARS-BFGL-NGS-109521,4851,7,6303258
7744,ARS-BFGL-NGS-20641,7744,15,1645280
50789,Hapmap42991-BTA-59734,50789,13,76443044
19493,ARS-BFGL-NGS-77747,19493,6,72475809
3928,ARS-BFGL-NGS-106520,3928,5,70199843
56132,Hapmap57732-rs29023272,56132,3,50804085
15206,ARS-BFGL-NGS-5022,15206,15,52440792
39063,BTB-01102651,39063,21,42640851
15203,ARS-BFGL-NGS-50172,15203,17,64342186
11261,ARS-BFGL-NGS-32604,11261,16,51520569
33778,BTA-97854-no-rs,33778,6,59977609
39266,BTB-01136517,39266,1,102001717
3851,ARS-BFGL-NGS-10628,3851,14,71663481
56622,Hapmap59327-rs29016284,56622,1,156598837
16771,ARS-BFGL-NGS-60627,16771,19,12669286
55539,Hapmap54846-rs29022328,55539,26,16753151
56627,Hapmap59336-rs29016911,56627,12,34587250
51942,Hapmap46742-BTA-01253,51942,13,55409520
51765,Hapmap45591-BTA-99735,51765,11,65315609
5919,ARS-BFGL-NGS-14502,5919,1,140685557
10800,ARS-BFGL-NGS-31114,10800,4,63838909
56245,Hapmap58153-rs29020764,56245,20,20392520
51768,Hapmap45602-BTA-114057,51768,11,30528419
53646,Hapmap50189-BTA-103065,53646,8,22084349
38486,BTB-00961421,38486,27,24303356
49047,Hapmap39496-BTA-60118,49047,25,36786067
21251,ARS-BFGL-NGS-89510,21251,26,13936262
38489,BTB-00962064,38489,27,25582350
17220,ARS-BFGL-NGS-63117,17220,12,21988137
17222,ARS-BFGL-NGS-63132,17222,20,68965151
54592,Hapmap51908-BTA-63031,54592,27,41049981
6382,ARS-BFGL-NGS-16065,6382,13,15963362
6389,ARS-BFGL-NGS-16087,6389,20,59664391
42420,BTB-01713600,42420,12,4484840
17310,ARS-BFGL-NGS-63707,17310,7,33658873
56336,Hapmap58420-rs29021098,56336,12,28052265
57208,Hapmap8756-BTA-61552,57208,26,39769366
43115,BTB-01864265,43115,12,63784586
9156,ARS-BFGL-NGS-25459,9156,29,12581946
3585,ARS-BFGL-NGS-105415,3585,1,110808219
2763,ARS-BFGL-NGS-103188,2763,22,31020826
46547,Hapmap30381-BTC-005750,46547,14,1463676
17423,ARS-BFGL-NGS-64281,17423,2,29948707
38823,BTB-01057979,38823,1,114085424
12240,ARS-BFGL-NGS-35919,12240,19,31033153
45560,Hapmap26417-BTA-147042,45560,11,17238549
13530,ARS-BFGL-NGS-40375,13530,5,36041533
16798,ARS-BFGL-NGS-60739,16798,25,39495358
1844,ARS-BFGL-NGS-100821,1844,2,105666691
49288,Hapmap39964-BTA-104515,49288,4,109292250
9558,ARS-BFGL-NGS-2684,9558,21,50244378
20822,ARS-BFGL-NGS-86458,20822,1,148158623
2167,ARS-BFGL-NGS-101656,2167,16,41992472
49284,Hapmap39952-BTA-86345,49284,10,99626471
42736,BTB-01780264,42736,4,39498957
49462,Hapmap40292-BTA-71565,49462,4,81400732
58170,UA-IFASA-8614,58170,14,74021731
48399,Hapmap38110-BTA-38625,48399,16,35723500
52631,Hapmap48258-BTA-24339,52631,11,33921550
36236,BTB-00393918,36236,9,54778504
48647,Hapmap38629-BTA-76891,48647,6,78289101
1903,ARS-BFGL-NGS-100985,1903,12,44501711
45731,Hapmap26845-BTC-037406,45731,6,41282225
39998,BTB-01258879,39998,8,55754766
21689,ARS-BFGL-NGS-92544,21689,19,1176372
53321,Hapmap49586-BTA-36632,53321,1,79700956
53322,Hapmap49589-BTA-38292,53322,8,53845391
36439,BTB-00424008,36439,10,51803725
12339,ARS-BFGL-NGS-36325,12339,8,66979816
33173,BTA-88016-no-rs,33173,20,23864571
45365,Hapmap25854-BTA-149442,45365,8,46826308
57035,Hapmap60688-rs29014090,57035,16,21155402
45363,Hapmap25852-BTA-148919,45363,19,61016756
14789,ARS-BFGL-NGS-45049,14789,7,15549201
41041,BTB-01442797,41041,26,8842020
14787,ARS-BFGL-NGS-45045,14787,5,63899453
37386,BTB-00638525,37386,16,38221607
37387,BTB-00638691,37387,16,38378642
53453,Hapmap49842-BTA-105986,53453,4,2025185
18682,ARS-BFGL-NGS-72413,18682,5,82466920
37701,BTB-00732576,37701,18,61982105
57973,UA-IFASA-7498,57973,4,49907346
21537,ARS-BFGL-NGS-91439,21537,4,99381115
57975,UA-IFASA-7512,57975,29,10172197
39664,BTB-01202801,39664,4,29485912
39667,BTB-01203270,39667,10,72769319
22889,ARS-USMARC-Parent-EF141102-rs29015783,22889,27,37513923
18513,ARS-BFGL-NGS-71332,18513,1,150490806
12544,ARS-BFGL-NGS-37025,12544,24,44810378
14813,ARS-BFGL-NGS-45197,14813,25,32059436
22881,ARS-USMARC-Parent-EF034087-no-rs,22881,28,16097749
22880,ARS-USMARC-Parent-EF034086-no-rs,22880,26,38233337
22883,ARS-USMARC-Parent-EF042091-rs29014974,22883,28,44261945
53248,Hapmap49439-BTA-109526,53248,4,70643370
22885,ARS-USMARC-Parent-EF093509-rs29015170,22885,22,22573121
22887,ARS-USMARC-Parent-EF093511-rs29012316,22887,21,26620013
6890,ARS-BFGL-NGS-17688,6890,12,15817583
33915,BTB-00003652,33915,1,5519845
14496,ARS-BFGL-NGS-4378,14496,22,49273889
20310,ARS-BFGL-NGS-82976,20310,14,68962221
47869,Hapmap34560-BES11_Contig371_409,47869,15,29486499
38034,BTB-00823211,38034,21,48911422
31285,BTA-53433-no-rs,31285,21,13173337
12886,ARS-BFGL-NGS-38232,12886,27,26237978
4319,ARS-BFGL-NGS-107767,4319,29,29284458
47605,Hapmap33504-BTA-154919,47605,20,26733496
14564,ARS-BFGL-NGS-44014,14564,7,1263597
37872,BTB-00784141,37872,20,42272251
30809,BTA-43345-no-rs,30809,1,97955982
8792,ARS-BFGL-NGS-24214,8792,25,22045818
8241,ARS-BFGL-NGS-22276,8241,17,55816005
15561,ARS-BFGL-NGS-53616,15561,8,98532984
15562,ARS-BFGL-NGS-53620,15562,6,109800337
43043,BTB-01847408,43043,24,36498621
47042,Hapmap32015-BTA-110997,47042,22,2069272
31465,BTA-56844-no-rs,31465,23,41878488
50954,Hapmap43283-BTA-51056,50954,20,64648481
47282,Hapmap32642-BTA-160002,47282,25,19082329
47280,Hapmap32633-BTA-157234,47280,11,53778535
39183,BTB-01122716,39183,20,29347831
494,ARS-BFGL-BAC-20631,494,16,16270589
7124,ARS-BFGL-NGS-18402,7124,16,63210323
11307,ARS-BFGL-NGS-32750,11307,22,13581891
35832,BTB-00330149,35832,7,109293823
50554,Hapmap42556-BTA-45815,50554,19,51445450
23,ARS-BFGL-BAC-11025,23,10,84516867
55052,Hapmap53350-ss46526471,55052,2,125653839
12405,ARS-BFGL-NGS-36553,12405,28,36285860
35015,BTB-00184322,35015,22,19887271
50828,Hapmap43057-BTA-80741,50828,7,13279972
10209,ARS-BFGL-NGS-29072,10209,9,51153579
27915,BTA-102668-no-rs,27915,9,70612283
52958,Hapmap48923-BTA-85080,52958,9,97825385
13688,ARS-BFGL-NGS-40891,13688,27,39518936
8335,ARS-BFGL-NGS-22647,8335,3,1779182
17875,ARS-BFGL-NGS-67112,17875,10,87139659
38336,BTB-00921095,38336,26,4397384
28826,BTA-118180-no-rs,28826,3,64772318
51374,Hapmap44095-BTA-55125,51374,22,8626195
12539,ARS-BFGL-NGS-37002,12539,24,35834333
3842,ARS-BFGL-NGS-106241,3842,7,50541246
55458,Hapmap54617-rs29021286,55458,28,11960495
22799,ARS-USMARC-Parent-AY943841-rs17871566,22799,1,138583183
22795,ARS-USMARC-Parent-AY937242-rs17872223,22795,23,27306795
22794,ARS-USMARC-Parent-AY929334-no-rs,22794,23,7219975
22797,ARS-USMARC-Parent-AY941204-rs17872131,22797,25,14683151
22796,ARS-USMARC-Parent-AY939849-rs17870274,22796,24,56415794
22791,ARS-USMARC-Parent-AY914316-rs17871403,22791,18,48812014
22790,ARS-USMARC-Parent-AY863214-rs17871744,22790,18,46647177
22793,ARS-USMARC-Parent-AY919868-rs29002211,22793,20,46066109
22792,ARS-USMARC-Parent-AY916666-no-rs,22792,19,44799390
35528,BTB-00272812,35528,6,97666752
16544,ARS-BFGL-NGS-59298,16544,4,93257549
6669,ARS-BFGL-NGS-17016,6669,11,19410756
51197,Hapmap43767-BTA-113302,51197,6,85646902
22082,ARS-BFGL-NGS-95371,22082,22,20786020
32389,BTA-74304-no-rs,32389,5,18075032
16327,ARS-BFGL-NGS-57960,16327,25,34887253
46719,Hapmap31053-BTA-111664,46719,9,27017136
16896,ARS-BFGL-NGS-61286,16896,24,13281977
52407,Hapmap47805-BTA-101148,52407,3,82653990
52404,Hapmap47795-BTA-98172,52404,9,64229989
52402,Hapmap47792-BTA-97076,52402,11,47430509
52400,Hapmap47789-BTA-96396,52400,12,24585150
19848,ARS-BFGL-NGS-79964,19848,27,43104231
42349,BTB-01700995,42349,4,94843636
2574,ARS-BFGL-NGS-102740,2574,27,42344117
2575,ARS-BFGL-NGS-102741,2575,2,112483071
46390,Hapmap29832-BTA-144648,46390,7,3775890
52312,Hapmap47596-BTA-38603,52312,16,1575155
47115,Hapmap32161-BTA-55429,47115,23,11311478
57748,UA-IFASA-6068,57748,4,16428953
17305,ARS-BFGL-NGS-63664,17305,8,47633838
56349,Hapmap58456-rs29022391,56349,5,47101818
11457,ARS-BFGL-NGS-33324,11457,3,28061335
2372,ARS-BFGL-NGS-102196,2372,18,61182535
9121,ARS-BFGL-NGS-25349,9121,2,57833417
39855,BTB-01234153,39855,16,8051706
53040,Hapmap49062-BTA-122353,53040,14,82991915
17128,ARS-BFGL-NGS-62561,17128,17,38103567
4436,ARS-BFGL-NGS-108161,4436,29,47054342
42233,BTB-01680650,42233,12,88703946
4949,ARS-BFGL-NGS-11151,4949,1,26425477
53918,Hapmap50665-BTA-34310,53918,14,26542736
53136,Hapmap49237-BTA-60646,53136,25,8517544
2110,ARS-BFGL-NGS-10153,2110,14,58687826
53138,Hapmap49241-BTA-61105,53138,26,31154453
40209,BTB-01294230,40209,2,55038193
54482,Hapmap51688-BTA-115008,54482,21,54879224
41290,BTB-01492359,41290,9,88534846
21301,ARS-BFGL-NGS-8982,21301,25,1737669
48382,Hapmap38065-BTA-29835,48382,8,26840010
48387,Hapmap38078-BTA-61284,48387,16,28495969
33165,BTA-87962-no-rs,33165,3,71516276
860,ARS-BFGL-BAC-31586,860,15,15305071
56969,Hapmap60480-ss46526970,56969,5,105870613
54809,Hapmap52547-rs29026933,54809,13,33455505
12348,ARS-BFGL-NGS-36350,12348,5,19531689
57362,INRA-685,57362,3,56473625
48250,Hapmap36280-SCAFFOLD155216_10397,48250,23,30039692
36423,BTB-00420215,36423,10,44920804
48030,Hapmap35241-BES8_Contig395_800,48030,21,39911981
14790,ARS-BFGL-NGS-4505,14790,23,23998263
33346,BTA-91078-no-rs,33346,3,43031873
14971,ARS-BFGL-NGS-46783,14971,5,99476251
14972,ARS-BFGL-NGS-46793,14972,21,54208626
9059,ARS-BFGL-NGS-25133,9059,29,8136855
20015,ARS-BFGL-NGS-8104,20015,15,48606085
39671,BTB-01203529,39671,3,66768945
37262,BTB-00607669,37262,15,59020999
11875,ARS-BFGL-NGS-34766,11875,21,59081896
22890,ARS-USMARC-Parent-EF150946-rs29023666,22890,26,13229219
18524,ARS-BFGL-NGS-71395,18524,8,24707157
18523,ARS-BFGL-NGS-71379,18523,1,81702230
48226,Hapmap36170-SCAFFOLD200128_32745,48226,9,10765698
770,ARS-BFGL-BAC-29477,770,23,18373342
38024,BTB-00821280,38024,21,45417602
7102,ARS-BFGL-NGS-18320,7102,5,103911258
15776,ARS-BFGL-NGS-5478,15776,16,4533875
14377,ARS-BFGL-NGS-43307,14377,20,30216498
31729,BTA-62528-no-rs,31729,27,23598119
1041,ARS-BFGL-BAC-34544,1041,21,8060649
1044,ARS-BFGL-BAC-34585,1044,21,62245543
47856,Hapmap34487-BES10_Contig784_2526,47856,24,26996704
57086,Hapmap60813-rs29010178,57086,24,58125298
16520,ARS-BFGL-NGS-59162,16520,9,12707144
8254,ARS-BFGL-NGS-22302,8254,16,44076390
22776,ARS-USMARC-Parent-AY842474-rs29003226,22776,3,51976646
40496,BTB-01344103,40496,16,59021630
22775,ARS-USMARC-Parent-AY842473-rs29001956,22775,3,49703647
18012,ARS-BFGL-NGS-67961,18012,2,98490521
54114,Hapmap51050-BTA-79767,54114,7,72882903
43968,BTB-02052107,43968,15,46460348
14575,ARS-BFGL-NGS-44055,14575,25,21419593
18015,ARS-BFGL-NGS-67968,18015,4,74780951
50366,Hapmap42196-BTA-38351,50366,16,29600490
50369,Hapmap42200-BTA-40314,50369,16,19712926
14776,ARS-BFGL-NGS-4491,14776,10,102794657
22771,ARS-USMARC-Parent-AY761135-rs29003723,22771,1,127426647
39460,BTB-01169423,39460,2,110559605
37114,BTB-00569345,37114,1,15646164
30603,BTA-39406-no-rs,30603,1,103675933
1464,ARS-BFGL-BAC-7181,1464,10,74273641
1466,ARS-BFGL-BAC-7198,1466,1,120303037
29500,BTA-20062-no-rs,29500,17,26555694
34642,BTB-00125348,34642,3,32053703
28909,BTA-119562-no-rs,28909,24,31105952
35731,BTB-00316348,35731,7,64939808
15353,ARS-BFGL-NGS-52236,15353,5,116805792
31187,BTA-51296-no-rs,31187,20,69974084
9828,ARS-BFGL-NGS-27731,9828,27,26838250
50568,Hapmap42580-BTA-54259,50568,22,37813307
31050,BTA-48881-no-rs,31050,2,106984473
31504,BTA-57636-no-rs,31504,24,22403126
50761,Hapmap42950-BTA-47265,50761,2,32376219
32885,BTA-83564-no-rs,32885,9,5148301
51692,Hapmap44990-BTA-78563,51692,7,25420525
47142,Hapmap32230-BTC-046313,47142,6,103355581
15220,ARS-BFGL-NGS-50415,15220,9,66481382
13869,ARS-BFGL-NGS-41462,13869,15,62002976
4122,ARS-BFGL-NGS-107160,4122,15,75065222
51369,Hapmap44084-BTA-48504,51369,2,103207828
32426,BTA-74798-no-rs,32426,5,101271357
55424,Hapmap54526-ss46526755,55424,19,42660383
55426,Hapmap54530-rs29013224,55426,10,33658021
38933,BTB-01077379,38933,1,49279500
22788,ARS-USMARC-Parent-AY858890-rs29002256,22788,17,29936157
22789,ARS-USMARC-Parent-AY860426-no-rs,22789,17,56512519
22786,ARS-USMARC-Parent-AY856094-rs17871190,22786,29,9160939
22784,ARS-USMARC-Parent-AY853302-no-rs,22784,13,47397987
22785,ARS-USMARC-Parent-AY853303-no-rs,22785,13,75383374
22782,ARS-USMARC-Parent-AY851162-no-rs,22782,11,46411100
22783,ARS-USMARC-Parent-AY851163-rs17871661,22783,11,103047474
22780,ARS-USMARC-Parent-AY849381-rs29003287,22780,6,23562312
4193,ARS-BFGL-NGS-107390,4193,1,136623809
16080,ARS-BFGL-NGS-56480,16080,12,31639399
35518,BTB-00271721,35518,6,95670290
50442,Hapmap42333-BTA-81770,50442,21,56348332
42531,BTB-01735758,42531,5,1087211
16085,ARS-BFGL-NGS-56509,16085,1,71742005
56515,Hapmap58990-rs29020862,56515,8,9962339
4701,ARS-BFGL-NGS-109026,4701,9,36578334
51744,Hapmap45455-BTA-89343,51744,15,12204899
32395,BTA-74391-no-rs,32395,5,83547814
19506,ARS-BFGL-NGS-77843,19506,11,103856100
21829,ARS-BFGL-NGS-93535,21829,22,39414833
56990,Hapmap60548-rs29025725,56990,11,24198851
2291,ARS-BFGL-NGS-101997,2291,16,66404619
21827,ARS-BFGL-NGS-93529,21827,22,20591179
52435,Hapmap47861-BTA-120563,52435,5,89472174
56286,Hapmap58269-rs29018185,56286,19,10897581
40443,BTB-01336033,40443,14,33918070
42401,BTB-01710251,42401,9,81523056
46410,Hapmap29922-BTC-033565,46410,6,38286952
55599,Hapmap55007-rs29021986,55599,23,13484531
52323,Hapmap47624-BTA-44484,52323,18,12620198
41170,BTB-01465708,41170,15,10860778
42396,BTB-01709624,42396,8,33060034
52501,Hapmap47993-BTA-56668,52501,23,44376639
17449,ARS-BFGL-NGS-64446,17449,7,93396872
42398,BTB-01709715,42398,14,47090795
53052,Hapmap49080-BTA-20801,53052,4,33808311
52509,Hapmap48018-BTA-60331,52509,10,2729641
39860,BTB-01234565,39860,16,36630447
16429,ARS-BFGL-NGS-58613,16429,4,78609385
38843,BTB-01060743,38843,11,32066197
42245,BTB-01682978,42245,6,4746604
41840,BTB-01597787,41840,7,42293409
48428,Hapmap38177-BTA-73472,48428,5,43852761
53125,Hapmap49215-BTA-54614,53125,22,45512122
52183,Hapmap47322-BTA-54813,52183,22,51607887
2106,ARS-BFGL-NGS-101525,2106,17,8589994
48624,Hapmap38574-BTA-118638,48624,9,41989065
58115,UA-IFASA-8333,58115,19,46396064
2631,ARS-BFGL-NGS-102869,2631,22,43834473
20796,ARS-BFGL-NGS-86242,20796,27,3343936
20790,ARS-BFGL-NGS-86175,20790,4,18539967
52618,Hapmap48229-BTA-15460,52618,5,101974400
17593,ARS-BFGL-NGS-65440,17593,15,16167972
38447,BTB-00954129,38447,27,12523146
38443,BTB-00953618,38443,27,11862558
33117,BTA-87036-no-rs,33117,5,14741492
49393,Hapmap40158-BTA-104729,49393,5,59665562
53878,Hapmap50603-BTA-16403,53878,29,22605691
42889,BTB-01812005,42889,12,89006700
10480,ARS-BFGL-NGS-29995,10480,15,38746059
57394,UA-IFASA-1616,57394,10,77844350
53693,Hapmap50274-BTA-18417,53693,9,17814688
10485,ARS-BFGL-NGS-30006,10485,16,69475845
53478,Hapmap49880-BTA-120276,53478,4,58563766
33333,BTA-90783-no-rs,33333,6,14889808
44524,Hapmap23231-BTA-80214,44524,7,96320591
57957,UA-IFASA-7408,57957,14,7150724
11998,ARS-BFGL-NGS-35140,11998,27,2748297
57955,UA-IFASA-7391,57955,14,40812291
48286,Hapmap36465-SCAFFOLD163794_561,48286,3,95279013
48284,Hapmap36459-SCAFFOLD9563_462,48284,1,58695977
11991,ARS-BFGL-NGS-35125,11991,3,104093652
14161,ARS-BFGL-NGS-42563,14161,26,47113178
9047,ARS-BFGL-NGS-25104,9047,18,56364657
48530,Hapmap38386-BTA-122729,48530,1,108634690
19893,ARS-BFGL-NGS-80218,19893,21,23145690
39889,BTB-01240360,39889,3,86353035
49805,Hapmap41096-BTA-84486,49805,10,11768173
18539,ARS-BFGL-NGS-71542,18539,11,103164589
8910,ARS-BFGL-NGS-24632,8910,15,72219458
53587,Hapmap50084-BTA-74042,53587,5,75417666
53582,Hapmap50076-BTA-71917,53582,4,101904386
11848,ARS-BFGL-NGS-3465,11848,9,87606681
1614,ARS-BFGL-NGS-100210,1614,3,20208987
15168,ARS-BFGL-NGS-4967,15168,15,73891452
18316,ARS-BFGL-NGS-7003,18316,5,54745039
1781,ARS-BFGL-NGS-100632,1781,7,95577863
54728,Hapmap52308-rs29009652,54728,18,54470798
15167,ARS-BFGL-NGS-49659,15167,5,39720278
38052,BTB-00830411,38052,22,4226071
54290,Hapmap51356-BTA-94975,54290,8,39306605
6879,ARS-BFGL-NGS-17668,6879,29,1348472
41662,BTB-01562667,41662,4,45664659
15765,ARS-BFGL-NGS-54732,15765,6,115360264
54299,Hapmap51374-BTA-104594,54299,4,102570116
268,ARS-BFGL-BAC-14813,268,10,57611774
38690,BTB-01016364,38690,28,19836248
47847,Hapmap34424-BES10_Contig566_926,47847,24,6408329
30130,BTA-30511-no-rs,30130,18,2716884
13008,ARS-BFGL-NGS-38620,13008,18,64382705
1096,ARS-BFGL-BAC-35245,1096,2,48282793
1091,ARS-BFGL-BAC-35190,1091,21,53091967
30822,BTA-43699-no-rs,30822,18,47862193
39477,BTB-01172317,39477,7,36127497
18008,ARS-BFGL-NGS-67926,18008,22,35527229
40624,BTB-01365922,40624,6,18332881
22891,ARS-USMARC-Parent-EF164803-rs29011141,22891,19,55174260
20201,ARS-BFGL-NGS-82204,20201,19,35003592
29687,BTA-23130-no-rs,29687,7,78599961
47939,Hapmap34855-BES3_Contig373_1182,47939,4,5549277
47443,Hapmap33049-BTA-153946,47443,2,79320427
1410,ARS-BFGL-BAC-5877,1410,21,43428936
47712,Hapmap33827-BES10_Contig357_1268,47712,17,59540930
15349,ARS-BFGL-NGS-5218,15349,10,9208908
5763,ARS-BFGL-NGS-14035,5763,22,58649692
54188,Hapmap51176-BTA-17547,54188,12,22863845
50574,Hapmap42592-BTA-57478,50574,24,17179801
1250,ARS-BFGL-BAC-37051,1250,2,51854482
31313,BTA-53892-no-rs,31313,22,24576730
22225,ARS-BFGL-NGS-96376,22225,16,1854268
19190,ARS-BFGL-NGS-75852,19190,7,71545383
52478,Hapmap47949-BTA-43407,52478,18,44524702
55722,Hapmap55404-rs29024815,55722,1,85294656
307,ARS-BFGL-BAC-1511,307,14,3765019
11211,ARS-BFGL-NGS-32439,11211,3,75567932
31080,BTA-49389-no-rs,31080,1,122474911
11214,ARS-BFGL-NGS-32442,11214,21,68589138
8355,ARS-BFGL-NGS-22727,8355,1,16525498
51427,Hapmap44202-BTA-115270,51427,2,62367003
50120,Hapmap41720-BTA-101335,50120,13,30108205
14378,ARS-BFGL-NGS-43310,14378,1,9940497
38305,BTB-00909797,38305,5,3552418
55433,Hapmap54547-rs29012198,55433,4,110776624
7425,ARS-BFGL-NGS-19455,7425,7,56374904
50971,Hapmap43318-BTA-64930,50971,29,16982264
21350,ARS-BFGL-NGS-90115,21350,18,49425130
19053,ARS-BFGL-NGS-74971,19053,22,14218256
55540,Hapmap54847-rs29022340,55540,22,52504436
14274,ARS-BFGL-NGS-42950,14274,17,49531815
38900,BTB-01071609,38900,3,74601506
21353,ARS-BFGL-NGS-90133,21353,12,51290607
12639,ARS-BFGL-NGS-37392,12639,28,42376459
10857,ARS-BFGL-NGS-31319,10857,11,41608506
10855,ARS-BFGL-NGS-31313,10855,15,83586289
13779,ARS-BFGL-NGS-41174,13779,18,16594926
51225,Hapmap43814-BTA-22629,51225,1,11221889
56708,Hapmap59609-ss46526851,56708,23,10391419
56701,Hapmap59581-rs29024854,56701,24,34130436
49927,Hapmap41340-BTA-71012,49927,5,115693793
16182,ARS-BFGL-NGS-5720,16182,5,97468792
16186,ARS-BFGL-NGS-57210,16186,15,32637662
4894,ARS-BFGL-NGS-109679,4894,15,45314266
12183,ARS-BFGL-NGS-35730,12183,11,86965492
11439,ARS-BFGL-NGS-33249,11439,24,11753230
56366,Hapmap58510-rs29024208,56366,10,60590129
55898,Hapmap56777-ss46526772,55898,14,43979834
43921,BTB-02040655,43921,20,52271324
52337,Hapmap47652-BTA-52437,52337,21,47208703
52510,Hapmap48021-BTA-61134,52510,26,31930415
17103,ARS-BFGL-NGS-6240,17103,14,5048719
46356,Hapmap29650-BTA-146970,46356,2,99292729
10670,ARS-BFGL-NGS-30619,10670,17,50194955
39874,BTB-01237150,39874,12,50125707
49652,Hapmap40748-BTA-47979,49652,2,70322692
55802,Hapmap55636-rs29018542,55802,5,94909330
4455,ARS-BFGL-NGS-108245,4455,6,96841919
44039,BTB-02072074,44039,21,38226290
16982,ARS-BFGL-NGS-61730,16982,11,90365254
3730,ARS-BFGL-NGS-105889,3730,16,30333319
37942,BTB-00800444,37942,21,28675178
950,ARS-BFGL-BAC-33077,950,19,10198335
45552,Hapmap26407-BTA-142865,45552,5,20609872
36242,BTB-00394801,36242,9,59383405
36715,BTB-00474688,36715,11,50431031
45557,Hapmap26414-BTA-146523,45557,9,55574798
49013,Hapmap39425-BTA-70290,49013,4,10737673
49014,Hapmap39428-BTA-72555,49014,4,113303894
57164,Hapmap61054-rs29010366,57164,9,74848962
43654,BTB-01980499,43654,12,61345454
4574,ARS-BFGL-NGS-108612,4574,14,45945108
48630,Hapmap38591-BTA-32800,48630,13,46203780
58122,UA-IFASA-8370,58122,3,45826189
2647,ARS-BFGL-NGS-102903,2647,8,31721931
42624,BTB-01755357,42624,1,31870106
46915,Hapmap31616-BTC-042811,46915,6,71873004
36404,BTB-00417947,36404,10,27697177
44736,Hapmap23870-BTA-128381,44736,13,43427963
3427,ARS-BFGL-NGS-104909,3427,14,70763413
44732,Hapmap23860-BTC-065677,44732,6,53428838
6333,ARS-BFGL-NGS-15887,6333,9,63485138
57386,UA-IFASA-1517,57386,27,7561409
46597,Hapmap30583-BTA-157589,46597,22,60376752
57382,UA-IFASA-1397,57382,24,59670860
57380,UA-IFASA-1370,57380,29,44085769
42673,BTB-01767954,42673,26,2579823
54608,Hapmap51939-BTA-21630,54608,12,36708993
14177,ARS-BFGL-NGS-42613,14177,29,13219091
10295,ARS-BFGL-NGS-29353,10295,24,42236118
10297,ARS-BFGL-NGS-2936,10297,23,17136094
27883,BTA-101877-no-rs,27883,20,30188969
49836,Hapmap41153-BTA-110528,49836,9,10134275
34807,BTB-00148619,34807,3,106442016
49830,Hapmap41140-BTA-107332,49830,11,78545016
41381,BTB-01508954,41381,3,76727514
54590,Hapmap51902-BTA-44288,54590,1,96942516
49349,Hapmap40063-BTA-34263,49349,14,22983665
49348,Hapmap40061-BTA-28737,49348,9,1775187
53247,Hapmap49436-BTA-108964,53247,23,2115089
4942,ARS-BFGL-NGS-1113,4942,2,96725242
13168,ARS-BFGL-NGS-39184,13168,3,77487187
20967,ARS-BFGL-NGS-87466,20967,10,7830003
8904,ARS-BFGL-NGS-24603,8904,13,60834492
8900,ARS-BFGL-NGS-24591,8900,11,42330073
37596,BTB-00682446,37596,17,61955493
11181,ARS-BFGL-NGS-3235,11181,20,2415716
717,ARS-BFGL-BAC-28344,717,23,4359518
37914,BTB-00791947,37914,20,61830595
38042,BTB-00825210,38042,6,43531610
6840,ARS-BFGL-NGS-17549,6840,23,24873758
37625,BTB-00689316,37625,17,71925055
40834,BTB-01403737,40834,4,57165802
37842,BTB-00777678,37842,20,34110282
34933,BTB-00173094,34933,4,31803700
44516,Hapmap23219-BTA-154903,44516,9,67244999
15537,ARS-BFGL-NGS-53461,15537,5,30659497
30670,BTA-40510-no-rs,30670,1,88638760
47544,Hapmap33349-BTA-127624,47544,12,47391047
47540,Hapmap33288-BTC-033751,47540,6,38203273
47943,Hapmap34874-BES3_Contig415_1312,47943,8,79559282
34240,BTB-00052737,34240,1,119544478
39131,BTB-01115281,39131,7,34786940
4218,ARS-BFGL-NGS-107461,4218,11,51519270
44864,Hapmap24222-BTA-88936,44864,1,13089432
44862,Hapmap24215-BTA-163266,44862,27,10764825
5775,ARS-BFGL-NGS-14075,5775,4,99992606
58080,UA-IFASA-8177,58080,15,44471231
5578,ARS-BFGL-NGS-13350,5578,10,37830642
50741,Hapmap42913-BTA-33619,50741,1,4052161
29148,BTA-122684-no-rs,29148,1,139231307
10038,ARS-BFGL-NGS-28432,10038,8,26241724
35370,BTB-00251655,35370,6,42609559
47162,Hapmap32320-BTA-142894,47162,5,23924800
17619,ARS-BFGL-NGS-65602,17619,18,65231440
9694,ARS-BFGL-NGS-2728,9694,15,47780178
11220,ARS-BFGL-NGS-32460,11220,19,40716234
48996,Hapmap39398-BTA-31996,48996,13,26708860
48991,Hapmap39390-BTA-22146,48991,19,4509536
51439,Hapmap44225-BTA-28287,51439,22,57674021
51343,Hapmap44041-BTA-23382,51343,2,10617894
35750,BTB-00318760,35750,7,72473118
17342,ARS-BFGL-NGS-63916,17342,26,34436316
12622,ARS-BFGL-NGS-37312,12622,18,51826636
56714,Hapmap59622-rs29013323,56714,13,22821740
52854,Hapmap48722-BTA-34404,52854,14,28332133
13766,ARS-BFGL-NGS-41131,13766,14,50416742
49684,Hapmap40831-BTA-88715,49684,7,98254815
50637,Hapmap42711-BTA-87541,50637,11,21994682
52295,Hapmap47560-BTA-30470,52295,2,6831955
3630,ARS-BFGL-NGS-105575,3630,25,16335767
38965,BTB-01084842,38965,2,15021561
22864,ARS-USMARC-Parent-DQ990833-rs29010147,22864,24,15447771
32352,BTA-73768-no-rs,32352,5,67031023
57712,UA-IFASA-5855,57712,15,19117037
36189,BTB-00388616,36189,9,33442358
6100,ARS-BFGL-NGS-15111,6100,19,23314971
43424,BTB-01928726,43424,4,80280325
56376,Hapmap58534-rs29018685,56376,29,724198
21798,ARS-BFGL-NGS-93283,21798,2,44264949
46349,Hapmap29564-BTA-143742,46349,6,7151738
38867,BTB-01066119,38867,4,53316893
57531,UA-IFASA-4191,57531,18,38027659
21792,ARS-BFGL-NGS-93210,21792,23,2893723
57020,Hapmap60652-rs29022048,57020,1,4784221
46342,Hapmap29482-BTA-146449,46342,9,38804655
49647,Hapmap40735-BTA-43736,49647,18,4899308
56397,Hapmap58591-rs29013400,56397,8,76900430
12286,ARS-BFGL-NGS-36089,12286,14,25698286
4467,ARS-BFGL-NGS-10829,4467,11,68687376
949,ARS-BFGL-BAC-33075,949,19,2484709
36277,BTB-00398454,36277,9,65672050
4910,ARS-BFGL-NGS-11011,4910,7,16520957
21805,ARS-BFGL-NGS-93354,21805,8,75080206
57156,Hapmap61036-rs29016268,57156,22,44795825
49009,Hapmap39419-BTA-63237,49009,27,11715052
57150,Hapmap61015-rs29013523,57150,8,97865326
57447,UA-IFASA-2295,57447,11,97754180
45580,Hapmap26451-BTA-156064,45580,1,92615520
45239,Hapmap25503-BTA-125443,45239,10,36204749
48601,Hapmap38526-BTA-76305,48601,10,79569443
45232,Hapmap25468-BTC-063927,45232,14,12005796
21372,ARS-BFGL-NGS-9028,21372,4,50516693
21373,ARS-BFGL-NGS-90287,21373,2,69662990
20776,ARS-BFGL-NGS-86075,20776,16,866294
20773,ARS-BFGL-NGS-86056,20773,4,82796269
38468,BTB-00958271,38468,27,16150756
54856,Hapmap52690-ss46526609,54856,20,35973199
53075,Hapmap49118-BTA-31696,53075,12,14882746
12174,ARS-BFGL-NGS-35704,12174,15,18335423
43784,BTB-02009505,43784,4,35354923
13482,ARS-BFGL-NGS-40229,13482,1,62184184
14100,ARS-BFGL-NGS-42338,14100,19,17326249
20518,ARS-BFGL-NGS-84326,20518,27,40210986
21574,ARS-BFGL-NGS-91718,21574,8,74467685
53654,Hapmap50202-BTA-106854,53654,2,45026036
10445,ARS-BFGL-NGS-29876,10445,8,77842261
48510,Hapmap38347-BTA-74361,48510,5,87926197
41397,BTB-01512420,41397,8,72495155
53653,Hapmap50200-BTA-106536,53653,16,71735866
5331,ARS-BFGL-NGS-12511,5331,21,33601152
37057,BTB-00561430,37057,14,28443928
22849,ARS-USMARC-Parent-DQ866817-no-rs,22849,15,38078775
22845,ARS-USMARC-Parent-DQ846692-rs29010281,22845,14,80082923
22844,ARS-USMARC-Parent-DQ846691-rs29019814,22844,14,48380429
22847,ARS-USMARC-Parent-DQ846694-rs29015842,22847,16,33521338
22846,ARS-USMARC-Parent-DQ846693-rs29017621,22846,16,9855276
22841,ARS-USMARC-Parent-DQ846688-rs29023691,22841,5,119261609
22840,ARS-USMARC-Parent-DQ839235-rs29012691,22840,3,116448759
22843,ARS-USMARC-Parent-DQ846690-no-rs,22843,14,10171919
53253,Hapmap49452-BTA-112834,53253,4,72987997
4481,ARS-BFGL-NGS-108330,4481,11,99710314
20994,ARS-BFGL-NGS-87679,20994,24,45300946
4489,ARS-BFGL-NGS-108354,4489,4,82167575
33004,BTA-85169-no-rs,33004,9,101286417
54703,Hapmap52240-rs29013844,54703,28,20453054
6851,ARS-BFGL-NGS-17586,6851,20,27970417
15748,ARS-BFGL-NGS-54629,15748,7,14142752
48779,Hapmap38899-BTA-52139,48779,21,36492508
17088,ARS-BFGL-NGS-6230,17088,9,69818133
17905,ARS-BFGL-NGS-67327,17905,3,72519744
38071,BTB-00839354,38071,22,19129988
85,ARS-BFGL-BAC-1180,85,14,22226073
20195,ARS-BFGL-NGS-82152,20195,25,12569917
20196,ARS-BFGL-NGS-82167,20196,6,98952769
34903,BTB-00169573,34903,4,24209956
49911,Hapmap41304-BTA-59122,49911,25,11620439
18243,ARS-BFGL-NGS-69497,18243,21,61094140
13027,ARS-BFGL-NGS-38677,13027,13,72077698
30449,BTA-36711-no-rs,30449,15,40780796
1655,ARS-BFGL-NGS-10032,1655,5,17362801
6586,ARS-BFGL-NGS-16739,6586,25,20723432
47880,Hapmap34591-BES8_Contig340_828,47880,15,71559650
35989,BTB-00357728,35989,8,73800791
7621,ARS-BFGL-NGS-20167,7621,3,16557950
12995,ARS-BFGL-NGS-38562,12995,13,48179394
54144,Hapmap51101-BTA-97588,54144,17,25851918
54146,Hapmap51103-BTA-98088,54146,11,56858167
20222,ARS-BFGL-NGS-82324,20222,21,55617452
47954,Hapmap34928-BES10_Contig751_552,47954,6,56873006
29533,BTA-20758-no-rs,29533,17,36595026
31647,BTA-61228-no-rs,31647,10,21516136
28004,BTA-104251-no-rs,28004,11,74160869
38788,BTB-01049617,38788,10,98840028
32127,BTA-70433-no-rs,32127,4,46381877
29021,BTA-121118-no-rs,29021,18,15069718
34696,BTB-00135094,34696,3,70265808
51534,Hapmap44403-BTA-74223,51534,5,80946701
8117,ARS-BFGL-NGS-21874,8117,5,79314115
18119,ARS-BFGL-NGS-68680,18119,11,15919622
44078,BTB-02080610,44078,28,21101833
7717,ARS-BFGL-NGS-20519,7717,15,22620312
654,ARS-BFGL-BAC-27364,654,1,8437530
8378,ARS-BFGL-NGS-2282,8378,12,12779945
47376,Hapmap32868-BTA-161473,47376,3,7446399
47372,Hapmap32862-BTA-159304,47372,13,1633474
48981,Hapmap39362-BTA-95002,48981,3,9077425
48984,Hapmap39375-BTA-112108,48984,1,78449548
12576,ARS-BFGL-NGS-37149,12576,11,12717282
55419,Hapmap54520-ss46526432,55419,11,60400664
38327,BTB-00919987,38327,26,3399538
18266,ARS-BFGL-NGS-69657,18266,9,24183775
55413,Hapmap54495-rs29018810,55413,11,49612828
47089,Hapmap32099-BTA-151095,47089,6,83345994
22331,ARS-BFGL-NGS-97136,22331,6,45909053
19081,ARS-BFGL-NGS-75199,19081,15,19936704
56148,Hapmap57781-rs29013849,56148,16,17931777
16058,ARS-BFGL-NGS-56333,16058,19,58132528
19735,ARS-BFGL-NGS-79259,19735,1,132768483
16056,ARS-BFGL-NGS-56314,16056,29,4944723
35568,BTB-00280987,35568,6,110720211
12611,ARS-BFGL-NGS-37275,12611,13,54167722
51714,Hapmap45233-BTA-100751,51714,12,42606004
51245,Hapmap43856-BTA-44227,51245,1,99193415
43707,BTB-01992588,43707,17,65071599
52847,Hapmap48709-BTA-30108,52847,5,87167295
43705,BTB-01991791,43705,7,44490836
13712,ARS-BFGL-NGS-40967,13712,1,54371655
4004,ARS-BFGL-NGS-106762,4004,6,25925916
43253,BTB-01892890,43253,29,7025142
56540,Hapmap59058-rs29016195,56540,12,10224679
42068,BTB-01647275,42068,17,42101710
19552,ARS-BFGL-NGS-78095,19552,20,21073349
32322,BTA-73392-no-rs,32322,5,32104484
16615,ARS-BFGL-NGS-59713,16615,20,7166494
7643,ARS-BFGL-NGS-20264,7643,13,21676028
57701,UA-IFASA-5815,57701,14,3342470
57707,UA-IFASA-5838,57707,24,41187936
43418,BTB-01927911,43418,5,1912730
51884,Hapmap46428-BTA-54503,51884,22,41141995
57529,UA-IFASA-4161,57529,1,34407892
46330,Hapmap29357-BTA-147904,46330,17,32009576
57527,UA-IFASA-4152,57527,6,28754184
19953,ARS-BFGL-NGS-80625,19953,13,62806429
45587,Hapmap26465-BTA-160174,45587,3,24421734
4472,ARS-BFGL-NGS-10830,4472,21,15345488
36268,BTB-00397198,36268,9,61599461
51868,Hapmap46316-BTA-68304,51868,3,69084105
4476,ARS-BFGL-NGS-108308,4476,13,28999095
43674,BTB-01986839,43674,6,114134405
2248,ARS-BFGL-NGS-101883,2248,4,61376132
49039,Hapmap39478-BTA-26135,49039,10,1250058
28128,BTA-106506-no-rs,28128,10,88884981
52448,Hapmap47899-BTA-26090,52448,10,92898514
43078,BTB-01855576,43078,17,1802505
996,ARS-BFGL-BAC-33692,996,20,43568636
45594,Hapmap26479-BTA-162312,45594,5,44059505
53714,Hapmap50325-BTA-35116,53714,14,57728143
53711,Hapmap50322-BTA-34017,53711,13,78928305
36190,BTB-00388729,36190,9,37914265
36194,BTB-00389059,36194,9,34943071
48492,Hapmap38313-BTA-41796,48492,17,67692696
17011,ARS-BFGL-NGS-61890,17011,15,41926810
53827,Hapmap50522-BTA-98140,53827,6,76718463
54849,Hapmap52673-rs29019309,54849,8,92041886
12388,ARS-BFGL-NGS-36484,12388,24,50640590
54840,Hapmap52635-rs29019622,54840,8,44764274
54843,Hapmap52659-ss46526625,54843,24,26377377
12142,ARS-BFGL-NGS-35608,12142,11,71168249
6310,ARS-BFGL-NGS-15813,6310,10,18574907
53006,Hapmap49005-BTA-105637,53006,12,1919853
6318,ARS-BFGL-NGS-15837,6318,18,62591127
42616,BTB-01753605,42616,2,55729126
17264,ARS-BFGL-NGS-6343,17264,26,47837750
45829,Hapmap27120-BTC-066223,45829,6,54369253
7229,ARS-BFGL-NGS-18743,7229,1,53630189
10129,ARS-BFGL-NGS-28785,10129,21,23755490
46800,Hapmap31228-BTA-74842,46800,5,104796659
52712,Hapmap48445-BTA-70755,52712,4,54063010
58092,UA-IFASA-8224,58092,22,12725452
53080,Hapmap49136-BTA-36934,53080,11,26290518
20500,ARS-BFGL-NGS-84218,20500,12,40657942
53622,Hapmap50142-BTA-88392,53622,18,28670292
53625,Hapmap50149-BTA-90491,53625,2,53477976
58099,UA-IFASA-8256,58099,7,21704630
18870,ARS-BFGL-NGS-73716,18870,19,29020067
3578,ARS-BFGL-NGS-105392,3578,23,14372603
22858,ARS-USMARC-Parent-DQ916059-rs29009907,22858,18,23426214
22859,ARS-USMARC-Parent-DQ984825-rs29012457,22859,10,98230479
22856,ARS-USMARC-Parent-DQ916057-rs29009979,22856,7,81591587
22857,ARS-USMARC-Parent-DQ916058-rs29016146,22857,8,1554706
20691,ARS-BFGL-NGS-85516,20691,19,32845346
22852,ARS-USMARC-Parent-DQ888310-rs29012422,22852,17,887216
22853,ARS-USMARC-Parent-DQ888311-rs29017313,22853,19,8505317
22850,ARS-USMARC-Parent-DQ866818-rs29011701,22850,15,79187295
22851,ARS-USMARC-Parent-DQ888309-rs29013741,22851,7,8272794
13380,ARS-BFGL-NGS-39925,13380,25,4485089
4490,ARS-BFGL-NGS-108358,4490,8,84178715
10696,ARS-BFGL-NGS-30728,10696,22,59387581
54448,Hapmap51617-BTA-67409,54448,17,39857388
41103,BTB-01453354,41103,7,77038018
41106,BTB-01453714,41106,19,38838591
2932,ARS-BFGL-NGS-103640,2932,19,14155308
33273,BTA-89719-no-rs,33273,1,43471154
20341,ARS-BFGL-NGS-83161,20341,2,76852429
45912,Hapmap27307-BTC-043200,45912,6,82605943
5325,ARS-BFGL-NGS-12494,5325,29,25881358
58276,UA-IFASA-9431,58276,14,82053449
22781,ARS-USMARC-Parent-AY850194-no-rs,22781,8,59996431
34918,BTB-00171373,34918,4,26518653
57859,UA-IFASA-6752,57859,25,38560656
49966,Hapmap41422-BTA-109294,49966,16,64443511
14930,ARS-BFGL-NGS-4626,14930,28,11196379
13032,ARS-BFGL-NGS-38696,13032,17,18398611
11094,ARS-BFGL-NGS-32075,11094,12,3279272
29490,BTA-19852-no-rs,29490,2,42986890
15088,ARS-BFGL-NGS-48402,15088,2,72445788
30659,BTA-40338-no-rs,30659,16,3805373
44319,DPI-47,44319,2,111870534
30302,BTA-33087-no-rs,30302,13,59756132
33876,BTA-99520-no-rs,33876,7,28920128
5433,ARS-BFGL-NGS-12856,5433,4,8155616
29544,BTA-20903-no-rs,29544,6,81467492
29010,BTA-121000-no-rs,29010,14,78874656
20234,ARS-BFGL-NGS-82390,20234,16,23328862
28544,BTA-113124-no-rs,28544,7,73290787
20230,ARS-BFGL-NGS-82373,20230,3,111887731
731,ARS-BFGL-BAC-28639,731,24,23774345
30273,BTA-32746-no-rs,30273,11,56112585
40727,BTB-01386273,40727,9,64899782
37152,BTB-00576713,37152,14,77900043
13966,ARS-BFGL-NGS-41834,13966,20,40035916
13965,ARS-BFGL-NGS-41833,13965,20,66479425
8109,ARS-BFGL-NGS-21847,8109,15,10263772
18121,ARS-BFGL-NGS-68683,18121,10,96973802
35889,BTB-00340296,35889,8,36159723
6951,ARS-BFGL-NGS-17881,6951,16,50486976
9866,ARS-BFGL-NGS-27865,9866,6,12169113
36770,BTB-00487004,36770,12,11443955
35319,BTB-00243004,35319,6,6807282
53807,Hapmap50486-BTA-83799,53807,9,58536480
31326,BTA-54082-no-rs,31326,22,32257185
35315,BTB-00242660,35315,6,7969025
47180,Hapmap32368-BTA-157293,47180,2,75126638
15267,ARS-BFGL-NGS-51043,15267,9,50027556
35088,BTB-00194614,35088,4,67183757
8564,ARS-BFGL-NGS-23450,8564,25,20058762
13812,ARS-BFGL-NGS-41284,13812,9,103777260
30892,BTA-45203-no-rs,30892,1,100237544
22328,ARS-BFGL-NGS-97125,22328,7,38836622
28763,BTA-11701-rs29017459,28763,11,61989432
55172,Hapmap53765-ss46526662,55172,3,107097209
35775,BTB-00321734,35775,7,79527052
7475,ARS-BFGL-NGS-19637,7475,17,68889928
50432,Hapmap42318-BTA-76987,50432,6,90902316
55354,Hapmap54313-rs29012632,55354,9,83320792
55601,Hapmap55009-rs29022074,55601,24,17928618
6639,ARS-BFGL-NGS-16934,6639,17,47147387
6638,ARS-BFGL-NGS-16925,6638,8,64476783
11555,ARS-BFGL-NGS-33666,11555,2,92796573
6630,ARS-BFGL-NGS-16904,6630,29,49170534
43085,BTB-01857387,43085,4,83779701
6637,ARS-BFGL-NGS-16920,6637,9,94824800
55286,Hapmap54125-rs29019206,55286,13,71442112
56550,Hapmap59092-rs29024583,56550,1,48425887
43244,BTB-01891199,43244,10,45687660
13706,ARS-BFGL-NGS-40945,13706,5,102855072
32516,BTA-76623-no-rs,32516,6,71154473
19548,ARS-BFGL-NGS-78057,19548,6,48913327
48951,Hapmap39308-BTA-113771,48951,12,8102057
17208,ARS-BFGL-NGS-63030,17208,2,3950794
58144,UA-IFASA-8490,58144,15,34810860
22073,ARS-BFGL-NGS-95318,22073,20,71094690
13632,ARS-BFGL-NGS-40701,13632,6,7474138
43402,BTB-01923832,43402,15,54589414
51678,Hapmap44836-BTA-51861,51678,21,20990602
21176,ARS-BFGL-NGS-89019,21176,13,9139641
16465,ARS-BFGL-NGS-58817,16465,12,46638109
46320,Hapmap29285-BTA-162580,46320,10,69721690
17206,ARS-BFGL-NGS-63022,17206,4,21854602
56808,Hapmap59915-rs29012086,56808,15,25719311
16261,ARS-BFGL-NGS-57596,16261,13,42400503
41809,BTB-01592886,41809,4,52589260
56803,Hapmap59902-rs29013268,56803,6,35788711
6014,ARS-BFGL-NGS-1481,6014,17,44275695
6016,ARS-BFGL-NGS-14811,6016,18,7277738
49028,Hapmap39461-BTA-109898,49028,21,27927781
43067,BTB-01852630,43067,3,100563383
43064,BTB-01851800,43064,26,29449587
42048,BTB-01644390,42048,11,11955169
8878,ARS-BFGL-NGS-24524,8878,8,25435054
49021,Hapmap39439-BTA-81498,49021,8,70585081
46034,Hapmap27634-BTA-158717,46034,9,15312685
57607,UA-IFASA-5041,57607,2,124086648
49752,Hapmap40998-BTA-47401,49752,2,38416725
18964,ARS-BFGL-NGS-7433,18964,5,44885503
49205,Hapmap39795-BTA-98059,49205,11,54730416
53706,Hapmap50308-BTA-29728,53706,16,35112210
5150,ARS-BFGL-NGS-11889,5150,7,43292715
49590,Hapmap40625-BTA-06412,49590,8,104220117
57197,Hapmap6261-BTA-42054,57197,17,9977173
16232,ARS-BFGL-NGS-57417,16232,3,43975868
16864,ARS-BFGL-NGS-61109,16864,6,57947092
36324,BTB-00405487,36324,9,89412796
38401,BTB-00939306,38401,26,33443386
10603,ARS-BFGL-NGS-30392,10603,26,44539739
46636,Hapmap30757-BTA-115734,46636,6,32016569
2078,ARS-BFGL-NGS-101461,2078,18,28030835
57044,Hapmap60711-rs29014674,57044,11,57502540
46638,Hapmap30761-BTA-123384,46638,29,42455680
49119,Hapmap39651-BTA-42671,49119,18,22124137
2075,ARS-BFGL-NGS-101456,2075,7,82825197
9083,ARS-BFGL-NGS-25195,9083,29,11099809
18463,ARS-BFGL-NGS-70979,18463,12,64384089
17733,ARS-BFGL-NGS-6633,17733,19,37217989
39689,BTB-01205768,39689,8,81152983
57998,UA-IFASA-7611,57998,15,33247009
53636,Hapmap50170-BTA-96224,53636,4,111549504
36110,BTB-00378581,36110,9,2981577
22869,ARS-USMARC-Parent-EF026084-rs29025380,22869,19,15345312
22868,ARS-USMARC-Parent-DQ995977-rs29020834,22868,24,1854953
54944,Hapmap53026-rs29010461,54944,7,105582677
8950,ARS-BFGL-NGS-24772,8950,23,8733592
22863,ARS-USMARC-Parent-DQ990832-rs29015065,22863,22,11038205
3501,ARS-BFGL-NGS-105142,3501,2,106311320
22861,ARS-USMARC-Parent-DQ984827-rs29012019,22861,10,55611885
22860,ARS-USMARC-Parent-DQ984826-rs29027559,22860,14,27751888
22867,ARS-USMARC-Parent-DQ995976-no-rs,22867,21,3088886
22865,ARS-USMARC-Parent-DQ990834-rs29013727,22865,26,8221270
13398,ARS-BFGL-NGS-39978,13398,2,5757355
2672,ARS-BFGL-NGS-102963,2672,15,6914643
9795,ARS-BFGL-NGS-27626,9795,3,37561427
36527,BTB-00437636,36527,10,80963535
41249,BTB-01480514,41249,3,63507722
14389,ARS-BFGL-NGS-43350,14389,2,58622479
15729,ARS-BFGL-NGS-54516,15729,8,94413416
34961,BTB-00176602,34961,4,40305345
48150,Hapmap35820-SCAFFOLD55013_40998,48150,21,69222948
29312,BTA-16278-no-rs,29312,5,651607
58266,UA-IFASA-9367,58266,7,41114885
11315,ARS-BFGL-NGS-32791,11315,13,67490759
39757,BTB-01216319,39757,20,52897607
30468,BTA-37105-no-rs,30468,15,55254553
8822,ARS-BFGL-NGS-24311,8822,10,42091684
36143,BTB-00383772,36143,9,23538211
13040,ARS-BFGL-NGS-38732,13040,29,41664361
37320,BTB-00623969,37320,27,17061777
18267,ARS-BFGL-NGS-69661,18267,1,83132079
2814,ARS-BFGL-NGS-103344,2814,14,59814118
54164,Hapmap51143-BTA-111274,54164,8,1794446
37817,BTB-00771463,37817,20,8366001
18049,ARS-BFGL-NGS-6826,18049,5,12725994
8770,ARS-BFGL-NGS-24133,8770,4,60677181
33519,BTA-93763-no-rs,33519,17,47788290
3179,ARS-BFGL-NGS-104266,3179,11,92558313
54364,Hapmap51476-BTA-63589,54364,28,16002510
33680,BTA-96274-no-rs,33680,20,63519841
54363,Hapmap51475-BTA-62174,54363,26,19605912
46411,Hapmap29925-BTC-036976,46411,6,37526622
29821,BTA-25512-no-rs,29821,2,26140855
29825,BTA-25531-no-rs,29825,10,30811491
34215,BTB-00049653,34215,1,107910690
1742,ARS-BFGL-NGS-100519,1742,20,53855915
1168,ARS-BFGL-BAC-35969,1168,17,22820344
20721,ARS-BFGL-NGS-85768,20721,1,38307976
51016,Hapmap43411-BTA-94581,51016,16,10623189
35894,BTB-00341155,35894,8,42073454
52502,Hapmap48000-BTA-57409,52502,24,12415668
28378,BTA-110705-no-rs,28378,4,55313701
45909,Hapmap27294-BTC-032117,45909,6,32850666
1296,ARS-BFGL-BAC-42122,1296,25,34193877
34141,BTB-00038586,34141,1,87664746
8393,ARS-BFGL-NGS-22860,8393,10,29865159
12806,ARS-BFGL-NGS-37962,12806,13,73557436
40401,BTB-01330413,40401,4,36468716
47355,Hapmap32838-BTA-150446,47355,3,95953376
6540,ARS-BFGL-NGS-16611,6540,14,33220425
5637,ARS-BFGL-NGS-13573,5637,28,18148402
1368,ARS-BFGL-BAC-46707,1368,23,5756655
28755,BTA-116871-no-rs,28755,17,28615520
50392,Hapmap42245-BTA-53403,50392,21,10565190
